treatment,treatment_full,s1_opt,s2_opt,ctot_opt,ne_count
greedy_greedy_s0-40-1,greedy_greedy_s0-40-1_init=benchmark_coop=cooperative,40,40,51.72111111111111,2
greedy_greedy_s0-40-1,greedy_greedy_s0-40-1_init=benchmark,40,40,51.72111111111111,8
greedy_greedy_s0-40-1,greedy_greedy_s0-40-1,40,40,51.72111111111111,8
greedy_greedy_s0-40-1,greedy_greedy_s0-40-1_coop=cooperative,40,40,51.72111111111111,2
greedy_greedy_s0-40-1,greedy_greedy_s0-40-1_init=benchmark_prior=demand_known,40,40,51.72111111111111,8
greedy_greedy_s0-40-1,greedy_greedy_s0-40-1_prior=demand_known_coop=cooperative,40,40,51.72111111111111,2
greedy_greedy_s0-40-1,greedy_greedy_s0-40-1_prior=demand_known,40,40,51.72111111111111,8
greedy_greedy_s0-40-1,greedy_greedy_s0-40-1_init=benchmark_prior=demand_known_coop=cooperative,40,40,51.72111111111111,2
greedy_greedy_s0-60-1,greedy_greedy_s0-60-1,42,45,48.20088888888889,11
greedy_greedy_s0-60-1,greedy_greedy_s0-60-1_init=benchmark,42,45,48.20088888888889,11
greedy_greedy_s0-60-1,greedy_greedy_s0-60-1_init=benchmark_coop=cooperative,42,45,48.20088888888889,4
greedy_greedy_s0-60-1,greedy_greedy_s0-60-1_coop=cooperative,42,45,48.20088888888889,4
greedy_greedy_s0-60-1,greedy_greedy_s0-60-1_prior=demand_known,42,45,48.20088888888889,11
greedy_greedy_s0-60-1,greedy_greedy_s0-60-1_init=benchmark_prior=demand_known,42,45,48.20088888888889,11
greedy_greedy_s0-60-1,greedy_greedy_s0-60-1_prior=demand_known_coop=cooperative,42,45,48.20088888888889,4
greedy_greedy_s0-60-1,greedy_greedy_s0-60-1_init=benchmark_prior=demand_known_coop=cooperative,42,45,48.20088888888889,4
greedy_ucb_s0-40-1,greedy_ucb_s0-40-1,40,40,51.72111111111111,8
greedy_ucb_s0-40-1,greedy_ucb_s0-40-1_init=benchmark,40,40,51.72111111111111,8
greedy_ucb_s0-40-1,greedy_ucb_s0-40-1_prior=demand_known,40,40,51.72111111111111,8
greedy_ucb_s0-40-1,greedy_ucb_s0-40-1_coop=cooperative,40,40,51.72111111111111,2
greedy_ucb_s0-40-1,greedy_ucb_s0-40-1_init=benchmark_prior=demand_known,40,40,51.72111111111111,8
greedy_ucb_s0-40-1,greedy_ucb_s0-40-1_init=benchmark_coop=cooperative,40,40,51.72111111111111,2
greedy_ucb_s0-40-1,greedy_ucb_s0-40-1_prior=demand_known_coop=cooperative,40,40,51.72111111111111,2
greedy_ucb_s0-40-1,greedy_ucb_s0-40-1_init=benchmark_prior=demand_known_coop=cooperative,40,40,51.72111111111111,2
greedy_ucb_s0-60-1,greedy_ucb_s0-60-1,42,45,48.20088888888889,11
greedy_ucb_s0-60-1,greedy_ucb_s0-60-1_init=benchmark,42,45,48.20088888888889,11
greedy_greedy_s0-80-1,greedy_greedy_s0-80-1,42,45,48.20088888888889,8
greedy_greedy_s0-80-1,greedy_greedy_s0-80-1_init=benchmark,42,45,48.20088888888889,8
greedy_ucb_s0-60-1,greedy_ucb_s0-60-1_prior=demand_known,42,45,48.20088888888889,11
greedy_ucb_s0-60-1,greedy_ucb_s0-60-1_prior=demand_known_coop=cooperative,42,45,48.20088888888889,4
greedy_ucb_s0-60-1,greedy_ucb_s0-60-1_init=benchmark_prior=demand_known,42,45,48.20088888888889,11
greedy_ucb_s0-60-1,greedy_ucb_s0-60-1_init=benchmark_prior=demand_known_coop=cooperative,42,45,48.20088888888889,4
greedy_greedy_s0-80-1,greedy_greedy_s0-80-1_prior=demand_known,42,45,48.20088888888889,8
greedy_greedy_s0-80-1,greedy_greedy_s0-80-1_init=benchmark_prior=demand_known,42,45,48.20088888888889,8
greedy_ucb_s0-80-1,greedy_ucb_s0-80-1_prior=demand_known,42,45,48.20088888888889,8
greedy_ucb_s0-80-1,greedy_ucb_s0-80-1_init=benchmark_prior=demand_known,42,45,48.20088888888889,8
greedy_ucb_s0-80-1,greedy_ucb_s0-80-1_coop=cooperative,42,45,48.20088888888889,6
greedy_ucb_s0-80-1,greedy_ucb_s0-80-1_init=benchmark_coop=cooperative,42,45,48.20088888888889,6
greedy_ucb_s0-60-1,greedy_ucb_s0-60-1_init=benchmark_coop=cooperative,42,45,48.20088888888889,4
greedy_greedy_s0-80-1,greedy_greedy_s0-80-1_coop=cooperative,42,45,48.20088888888889,6
greedy_ucb_s0-60-1,greedy_ucb_s0-60-1_coop=cooperative,42,45,48.20088888888889,4
greedy_greedy_s0-80-1,greedy_greedy_s0-80-1_init=benchmark_coop=cooperative,42,45,48.20088888888889,6
greedy_ucb_s0-80-1,greedy_ucb_s0-80-1_prior=demand_known_coop=cooperative,42,45,48.20088888888889,6
greedy_thompson_s0-40-1,greedy_thompson_s0-40-1_prior=demand_known,40,40,51.72111111111111,8
greedy_ucb_s0-80-1,greedy_ucb_s0-80-1_init=benchmark_prior=demand_known_coop=cooperative,42,45,48.20088888888889,6
greedy_thompson_s0-40-1,greedy_thompson_s0-40-1,40,40,51.72111111111111,8
greedy_greedy_s0-80-1,greedy_greedy_s0-80-1_prior=demand_known_coop=cooperative,42,45,48.20088888888889,6
greedy_thompson_s0-40-1,greedy_thompson_s0-40-1_init=benchmark,40,40,51.72111111111111,8
greedy_greedy_s0-80-1,greedy_greedy_s0-80-1_init=benchmark_prior=demand_known_coop=cooperative,42,45,48.20088888888889,6
greedy_thompson_s0-40-1,greedy_thompson_s0-40-1_init=benchmark_prior=demand_known,40,40,51.72111111111111,8
greedy_thompson_s0-40-1,greedy_thompson_s0-40-1_init=benchmark_prior=demand_known_coop=cooperative,40,40,51.72111111111111,2
greedy_thompson_s0-40-1,greedy_thompson_s0-40-1_init=benchmark_coop=cooperative,40,40,51.72111111111111,2
greedy_thompson_s0-60-1,greedy_thompson_s0-60-1,42,45,48.20088888888889,11
greedy_thompson_s0-60-1,greedy_thompson_s0-60-1_prior=demand_known,42,45,48.20088888888889,11
greedy_thompson_s0-60-1,greedy_thompson_s0-60-1_coop=cooperative,42,45,48.20088888888889,4
greedy_thompson_s0-60-1,greedy_thompson_s0-60-1_init=benchmark,42,45,48.20088888888889,11
greedy_thompson_s0-60-1,greedy_thompson_s0-60-1_init=benchmark_coop=cooperative,42,45,48.20088888888889,4
greedy_thompson_s0-60-1,greedy_thompson_s0-60-1_init=benchmark_prior=demand_known,42,45,48.20088888888889,11
greedy_thompson_s0-40-1,greedy_thompson_s0-40-1_coop=cooperative,40,40,51.72111111111111,2
greedy_thompson_s0-80-1,greedy_thompson_s0-80-1,42,45,48.20088888888889,8
greedy_thompson_s0-60-1,greedy_thompson_s0-60-1_prior=demand_known_coop=cooperative,42,45,48.20088888888889,4
greedy_thompson_s0-60-1,greedy_thompson_s0-60-1_init=benchmark_prior=demand_known_coop=cooperative,42,45,48.20088888888889,4
greedy_thompson_s0-40-1,greedy_thompson_s0-40-1_prior=demand_known_coop=cooperative,40,40,51.72111111111111,2
greedy_ucb_s0-80-1,greedy_ucb_s0-80-1,42,45,48.20088888888889,8
greedy_thompson_s0-80-1,greedy_thompson_s0-80-1_prior=demand_known,42,45,48.20088888888889,8
greedy_ucb_s0-80-1,greedy_ucb_s0-80-1_init=benchmark,42,45,48.20088888888889,8
greedy_thompson_s0-80-1,greedy_thompson_s0-80-1_coop=cooperative,42,45,48.20088888888889,6
greedy_exp3_s0-40-1,greedy_exp3_s0-40-1_prior=demand_known,40,40,51.72111111111111,8
greedy_exp3_s0-40-1,greedy_exp3_s0-40-1_init=benchmark,40,40,51.72111111111111,8
greedy_thompson_s0-80-1,greedy_thompson_s0-80-1_init=benchmark,42,45,48.20088888888889,8
greedy_exp3_s0-40-1,greedy_exp3_s0-40-1,40,40,51.72111111111111,8
greedy_exp3_s0-40-1,greedy_exp3_s0-40-1_init=benchmark_prior=demand_known,40,40,51.72111111111111,8
greedy_exp3_s0-40-1,greedy_exp3_s0-40-1_coop=cooperative,40,40,51.72111111111111,2
greedy_exp3_s0-40-1,greedy_exp3_s0-40-1_prior=demand_known_coop=cooperative,40,40,51.72111111111111,2
greedy_thompson_s0-80-1,greedy_thompson_s0-80-1_prior=demand_known_coop=cooperative,42,45,48.20088888888889,6
greedy_exp3_s0-40-1,greedy_exp3_s0-40-1_init=benchmark_coop=cooperative,40,40,51.72111111111111,2
greedy_exp3_s0-60-1,greedy_exp3_s0-60-1,42,45,48.20088888888889,11
greedy_thompson_s0-80-1,greedy_thompson_s0-80-1_init=benchmark_prior=demand_known_coop=cooperative,42,45,48.20088888888889,6
greedy_exp3_s0-60-1,greedy_exp3_s0-60-1_init=benchmark,42,45,48.20088888888889,11
greedy_exp3_s0-60-1,greedy_exp3_s0-60-1_init=benchmark_prior=demand_known,42,45,48.20088888888889,11
greedy_exp3_s0-60-1,greedy_exp3_s0-60-1_coop=cooperative,42,45,48.20088888888889,4
greedy_exp3_s0-60-1,greedy_exp3_s0-60-1_init=benchmark_coop=cooperative,42,45,48.20088888888889,4
greedy_exp3_s0-60-1,greedy_exp3_s0-60-1_init=benchmark_prior=demand_known_coop=cooperative,42,45,48.20088888888889,4
greedy_exp3_s0-40-1,greedy_exp3_s0-40-1_init=benchmark_prior=demand_known_coop=cooperative,40,40,51.72111111111111,2
greedy_exp3_s0-80-1,greedy_exp3_s0-80-1,42,45,48.20088888888889,8
greedy_exp3_s0-80-1,greedy_exp3_s0-80-1_init=benchmark,42,45,48.20088888888889,8
greedy_exp3_s0-80-1,greedy_exp3_s0-80-1_init=benchmark_prior=demand_known,42,45,48.20088888888889,8
greedy_exp3_s0-80-1,greedy_exp3_s0-80-1_coop=cooperative,42,45,48.20088888888889,6
greedy_exp3_s0-80-1,greedy_exp3_s0-80-1_init=benchmark_coop=cooperative,42,45,48.20088888888889,6
greedy_thompson_s0-80-1,greedy_thompson_s0-80-1_init=benchmark_coop=cooperative,42,45,48.20088888888889,6
greedy_exp3_s0-60-1,greedy_exp3_s0-60-1_prior=demand_known,42,45,48.20088888888889,11
greedy_etc_s0-40-1,greedy_etc_s0-40-1,40,40,51.72111111111111,8
greedy_etc_s0-40-1,greedy_etc_s0-40-1_init=benchmark,40,40,51.72111111111111,8
greedy_etc_s0-40-1,greedy_etc_s0-40-1_coop=cooperative,40,40,51.72111111111111,2
greedy_thompson_s0-80-1,greedy_thompson_s0-80-1_init=benchmark_prior=demand_known,42,45,48.20088888888889,8
greedy_etc_s0-40-1,greedy_etc_s0-40-1_init=benchmark_coop=cooperative,40,40,51.72111111111111,2
greedy_etc_s0-40-1,greedy_etc_s0-40-1_prior=demand_known,40,40,51.72111111111111,8
greedy_etc_s0-60-1,greedy_etc_s0-60-1,42,45,48.20088888888889,11
greedy_etc_s0-40-1,greedy_etc_s0-40-1_init=benchmark_prior=demand_known,40,40,51.72111111111111,8
greedy_etc_s0-60-1,greedy_etc_s0-60-1_init=benchmark_prior=demand_known,42,45,48.20088888888889,11
greedy_exp3_s0-60-1,greedy_exp3_s0-60-1_prior=demand_known_coop=cooperative,42,45,48.20088888888889,4
greedy_etc_s0-40-1,greedy_etc_s0-40-1_init=benchmark_prior=demand_known_coop=cooperative,40,40,51.72111111111111,2
greedy_etc_s0-60-1,greedy_etc_s0-60-1_coop=cooperative,42,45,48.20088888888889,4
greedy_etc_s0-60-1,greedy_etc_s0-60-1_init=benchmark_coop=cooperative,42,45,48.20088888888889,4
greedy_etc_s0-60-1,greedy_etc_s0-60-1_prior=demand_known_coop=cooperative,42,45,48.20088888888889,4
greedy_etc_s0-40-1,greedy_etc_s0-40-1_prior=demand_known_coop=cooperative,40,40,51.72111111111111,2
greedy_etc_s0-80-1,greedy_etc_s0-80-1,42,45,48.20088888888889,8
greedy_etc_s0-60-1,greedy_etc_s0-60-1_init=benchmark,42,45,48.20088888888889,11
greedy_etc_s0-80-1,greedy_etc_s0-80-1_init=benchmark,42,45,48.20088888888889,8
greedy_etc_s0-80-1,greedy_etc_s0-80-1_prior=demand_known,42,45,48.20088888888889,8
greedy_etc_s0-60-1,greedy_etc_s0-60-1_prior=demand_known,42,45,48.20088888888889,11
greedy_etc_s0-80-1,greedy_etc_s0-80-1_coop=cooperative,42,45,48.20088888888889,6
greedy_etc_s0-80-1,greedy_etc_s0-80-1_init=benchmark_prior=demand_known_coop=cooperative,42,45,48.20088888888889,6
ucb_greedy_s0-40-1,ucb_greedy_s0-40-1_init=benchmark,40,40,51.72111111111111,8
ucb_greedy_s0-40-1,ucb_greedy_s0-40-1,40,40,51.72111111111111,8
greedy_exp3_s0-80-1,greedy_exp3_s0-80-1_prior=demand_known,42,45,48.20088888888889,8
greedy_exp3_s0-80-1,greedy_exp3_s0-80-1_prior=demand_known_coop=cooperative,42,45,48.20088888888889,6
ucb_greedy_s0-40-1,ucb_greedy_s0-40-1_init=benchmark_prior=demand_known,40,40,51.72111111111111,8
greedy_exp3_s0-80-1,greedy_exp3_s0-80-1_init=benchmark_prior=demand_known_coop=cooperative,42,45,48.20088888888889,6
ucb_greedy_s0-40-1,ucb_greedy_s0-40-1_init=benchmark_coop=cooperative,40,40,51.72111111111111,2
ucb_greedy_s0-40-1,ucb_greedy_s0-40-1_coop=cooperative,40,40,51.72111111111111,2
ucb_greedy_s0-40-1,ucb_greedy_s0-40-1_prior=demand_known,40,40,51.72111111111111,8
ucb_greedy_s0-40-1,ucb_greedy_s0-40-1_prior=demand_known_coop=cooperative,40,40,51.72111111111111,2
greedy_etc_s0-80-1,greedy_etc_s0-80-1_prior=demand_known_coop=cooperative,42,45,48.20088888888889,6
greedy_etc_s0-60-1,greedy_etc_s0-60-1_init=benchmark_prior=demand_known_coop=cooperative,42,45,48.20088888888889,4
ucb_greedy_s0-40-1,ucb_greedy_s0-40-1_init=benchmark_prior=demand_known_coop=cooperative,40,40,51.72111111111111,2
ucb_greedy_s0-60-1,ucb_greedy_s0-60-1,42,45,48.20088888888889,11
ucb_greedy_s0-60-1,ucb_greedy_s0-60-1_prior=demand_known,42,45,48.20088888888889,11
ucb_greedy_s0-60-1,ucb_greedy_s0-60-1_init=benchmark,42,45,48.20088888888889,11
ucb_greedy_s0-60-1,ucb_greedy_s0-60-1_init=benchmark_coop=cooperative,42,45,48.20088888888889,4
ucb_greedy_s0-60-1,ucb_greedy_s0-60-1_coop=cooperative,42,45,48.20088888888889,4
ucb_greedy_s0-60-1,ucb_greedy_s0-60-1_prior=demand_known_coop=cooperative,42,45,48.20088888888889,4
greedy_etc_s0-80-1,greedy_etc_s0-80-1_init=benchmark_coop=cooperative,42,45,48.20088888888889,6
ucb_greedy_s0-80-1,ucb_greedy_s0-80-1,42,45,48.20088888888889,8
ucb_greedy_s0-80-1,ucb_greedy_s0-80-1_init=benchmark,42,45,48.20088888888889,8
ucb_greedy_s0-80-1,ucb_greedy_s0-80-1_prior=demand_known,42,45,48.20088888888889,8
ucb_greedy_s0-80-1,ucb_greedy_s0-80-1_init=benchmark_prior=demand_known,42,45,48.20088888888889,8
ucb_greedy_s0-80-1,ucb_greedy_s0-80-1_coop=cooperative,42,45,48.20088888888889,6
ucb_greedy_s0-80-1,ucb_greedy_s0-80-1_init=benchmark_coop=cooperative,42,45,48.20088888888889,6
ucb_greedy_s0-80-1,ucb_greedy_s0-80-1_init=benchmark_prior=demand_known_coop=cooperative,42,45,48.20088888888889,6
ucb_greedy_s0-60-1,ucb_greedy_s0-60-1_init=benchmark_prior=demand_known,42,45,48.20088888888889,11
ucb_ucb_s0-40-1,ucb_ucb_s0-40-1,40,40,51.72111111111111,8
ucb_ucb_s0-40-1,ucb_ucb_s0-40-1_init=benchmark_prior=demand_known,40,40,51.72111111111111,8
ucb_ucb_s0-40-1,ucb_ucb_s0-40-1_prior=demand_known,40,40,51.72111111111111,8
ucb_greedy_s0-60-1,ucb_greedy_s0-60-1_init=benchmark_prior=demand_known_coop=cooperative,42,45,48.20088888888889,4
greedy_etc_s0-80-1,greedy_etc_s0-80-1_init=benchmark_prior=demand_known,42,45,48.20088888888889,8
ucb_ucb_s0-40-1,ucb_ucb_s0-40-1_coop=cooperative,40,40,51.72111111111111,2
ucb_ucb_s0-40-1,ucb_ucb_s0-40-1_init=benchmark_coop=cooperative,40,40,51.72111111111111,2
ucb_ucb_s0-40-1,ucb_ucb_s0-40-1_init=benchmark,40,40,51.72111111111111,8
ucb_ucb_s0-40-1,ucb_ucb_s0-40-1_init=benchmark_prior=demand_known_coop=cooperative,40,40,51.72111111111111,2
ucb_ucb_s0-40-1,ucb_ucb_s0-40-1_prior=demand_known_coop=cooperative,40,40,51.72111111111111,2
ucb_ucb_s0-60-1,ucb_ucb_s0-60-1,42,45,48.20088888888889,11
ucb_ucb_s0-60-1,ucb_ucb_s0-60-1_init=benchmark_prior=demand_known,42,45,48.20088888888889,11
ucb_ucb_s0-60-1,ucb_ucb_s0-60-1_init=benchmark,42,45,48.20088888888889,11
ucb_ucb_s0-60-1,ucb_ucb_s0-60-1_coop=cooperative,42,45,48.20088888888889,4
ucb_greedy_s0-80-1,ucb_greedy_s0-80-1_prior=demand_known_coop=cooperative,42,45,48.20088888888889,6
ucb_ucb_s0-60-1,ucb_ucb_s0-60-1_init=benchmark_coop=cooperative,42,45,48.20088888888889,4
ucb_ucb_s0-60-1,ucb_ucb_s0-60-1_prior=demand_known_coop=cooperative,42,45,48.20088888888889,4
ucb_ucb_s0-80-1,ucb_ucb_s0-80-1,42,45,48.20088888888889,8
ucb_ucb_s0-80-1,ucb_ucb_s0-80-1_init=benchmark,42,45,48.20088888888889,8
ucb_ucb_s0-80-1,ucb_ucb_s0-80-1_prior=demand_known,42,45,48.20088888888889,8
ucb_ucb_s0-80-1,ucb_ucb_s0-80-1_init=benchmark_prior=demand_known,42,45,48.20088888888889,8
ucb_ucb_s0-80-1,ucb_ucb_s0-80-1_coop=cooperative,42,45,48.20088888888889,6
ucb_ucb_s0-80-1,ucb_ucb_s0-80-1_init=benchmark_coop=cooperative,42,45,48.20088888888889,6
ucb_ucb_s0-80-1,ucb_ucb_s0-80-1_init=benchmark_prior=demand_known_coop=cooperative,42,45,48.20088888888889,6
ucb_ucb_s0-80-1,ucb_ucb_s0-80-1_prior=demand_known_coop=cooperative,42,45,48.20088888888889,6
ucb_ucb_s0-60-1,ucb_ucb_s0-60-1_init=benchmark_prior=demand_known_coop=cooperative,42,45,48.20088888888889,4
ucb_thompson_s0-40-1,ucb_thompson_s0-40-1,40,40,51.72111111111111,8
ucb_thompson_s0-40-1,ucb_thompson_s0-40-1_init=benchmark,40,40,51.72111111111111,8
ucb_thompson_s0-40-1,ucb_thompson_s0-40-1_init=benchmark_prior=demand_known,40,40,51.72111111111111,8
ucb_ucb_s0-60-1,ucb_ucb_s0-60-1_prior=demand_known,42,45,48.20088888888889,11
ucb_thompson_s0-40-1,ucb_thompson_s0-40-1_coop=cooperative,40,40,51.72111111111111,2
ucb_thompson_s0-40-1,ucb_thompson_s0-40-1_init=benchmark_coop=cooperative,40,40,51.72111111111111,2
ucb_thompson_s0-40-1,ucb_thompson_s0-40-1_init=benchmark_prior=demand_known_coop=cooperative,40,40,51.72111111111111,2
ucb_thompson_s0-40-1,ucb_thompson_s0-40-1_prior=demand_known,40,40,51.72111111111111,8
ucb_thompson_s0-40-1,ucb_thompson_s0-40-1_prior=demand_known_coop=cooperative,40,40,51.72111111111111,2
ucb_thompson_s0-60-1,ucb_thompson_s0-60-1,42,45,48.20088888888889,11
ucb_thompson_s0-60-1,ucb_thompson_s0-60-1_init=benchmark,42,45,48.20088888888889,11
ucb_thompson_s0-60-1,ucb_thompson_s0-60-1_prior=demand_known,42,45,48.20088888888889,11
ucb_thompson_s0-60-1,ucb_thompson_s0-60-1_init=benchmark_prior=demand_known,42,45,48.20088888888889,11
ucb_thompson_s0-60-1,ucb_thompson_s0-60-1_coop=cooperative,42,45,48.20088888888889,4
ucb_thompson_s0-60-1,ucb_thompson_s0-60-1_init=benchmark_coop=cooperative,42,45,48.20088888888889,4
ucb_thompson_s0-60-1,ucb_thompson_s0-60-1_init=benchmark_prior=demand_known_coop=cooperative,42,45,48.20088888888889,4
ucb_thompson_s0-80-1,ucb_thompson_s0-80-1,42,45,48.20088888888889,8
ucb_exp3_s0-40-1,ucb_exp3_s0-40-1,40,40,51.72111111111111,8
ucb_thompson_s0-60-1,ucb_thompson_s0-60-1_prior=demand_known_coop=cooperative,42,45,48.20088888888889,4
ucb_thompson_s0-80-1,ucb_thompson_s0-80-1_init=benchmark,42,45,48.20088888888889,8
ucb_exp3_s0-40-1,ucb_exp3_s0-40-1_init=benchmark,40,40,51.72111111111111,8
ucb_exp3_s0-40-1,ucb_exp3_s0-40-1_prior=demand_known,40,40,51.72111111111111,8
ucb_exp3_s0-40-1,ucb_exp3_s0-40-1_init=benchmark_prior=demand_known,40,40,51.72111111111111,8
ucb_thompson_s0-80-1,ucb_thompson_s0-80-1_init=benchmark_prior=demand_known,42,45,48.20088888888889,8
ucb_thompson_s0-80-1,ucb_thompson_s0-80-1_init=benchmark_coop=cooperative,42,45,48.20088888888889,6
ucb_exp3_s0-40-1,ucb_exp3_s0-40-1_coop=cooperative,40,40,51.72111111111111,2
ucb_thompson_s0-80-1,ucb_thompson_s0-80-1_coop=cooperative,42,45,48.20088888888889,6
ucb_exp3_s0-40-1,ucb_exp3_s0-40-1_init=benchmark_coop=cooperative,40,40,51.72111111111111,2
ucb_thompson_s0-80-1,ucb_thompson_s0-80-1_init=benchmark_prior=demand_known_coop=cooperative,42,45,48.20088888888889,6
ucb_exp3_s0-40-1,ucb_exp3_s0-40-1_prior=demand_known_coop=cooperative,40,40,51.72111111111111,2
ucb_exp3_s0-60-1,ucb_exp3_s0-60-1_init=benchmark_prior=demand_known,42,45,48.20088888888889,11
ucb_exp3_s0-60-1,ucb_exp3_s0-60-1,42,45,48.20088888888889,11
ucb_exp3_s0-60-1,ucb_exp3_s0-60-1_prior=demand_known,42,45,48.20088888888889,11
ucb_exp3_s0-60-1,ucb_exp3_s0-60-1_init=benchmark,42,45,48.20088888888889,11
ucb_exp3_s0-60-1,ucb_exp3_s0-60-1_coop=cooperative,42,45,48.20088888888889,4
ucb_thompson_s0-80-1,ucb_thompson_s0-80-1_prior=demand_known,42,45,48.20088888888889,8
ucb_exp3_s0-60-1,ucb_exp3_s0-60-1_prior=demand_known_coop=cooperative,42,45,48.20088888888889,4
ucb_exp3_s0-60-1,ucb_exp3_s0-60-1_init=benchmark_coop=cooperative,42,45,48.20088888888889,4
ucb_exp3_s0-40-1,ucb_exp3_s0-40-1_init=benchmark_prior=demand_known_coop=cooperative,40,40,51.72111111111111,2
ucb_exp3_s0-80-1,ucb_exp3_s0-80-1,42,45,48.20088888888889,8
ucb_exp3_s0-80-1,ucb_exp3_s0-80-1_init=benchmark,42,45,48.20088888888889,8
ucb_exp3_s0-80-1,ucb_exp3_s0-80-1_prior=demand_known,42,45,48.20088888888889,8
ucb_exp3_s0-80-1,ucb_exp3_s0-80-1_init=benchmark_prior=demand_known,42,45,48.20088888888889,8
ucb_exp3_s0-60-1,ucb_exp3_s0-60-1_init=benchmark_prior=demand_known_coop=cooperative,42,45,48.20088888888889,4
ucb_exp3_s0-80-1,ucb_exp3_s0-80-1_init=benchmark_coop=cooperative,42,45,48.20088888888889,6
ucb_exp3_s0-80-1,ucb_exp3_s0-80-1_coop=cooperative,42,45,48.20088888888889,6
ucb_thompson_s0-80-1,ucb_thompson_s0-80-1_prior=demand_known_coop=cooperative,42,45,48.20088888888889,6
ucb_exp3_s0-80-1,ucb_exp3_s0-80-1_prior=demand_known_coop=cooperative,42,45,48.20088888888889,6
ucb_etc_s0-40-1,ucb_etc_s0-40-1,40,40,51.72111111111111,8
ucb_exp3_s0-80-1,ucb_exp3_s0-80-1_init=benchmark_prior=demand_known_coop=cooperative,42,45,48.20088888888889,6
ucb_etc_s0-40-1,ucb_etc_s0-40-1_prior=demand_known,40,40,51.72111111111111,8
ucb_etc_s0-40-1,ucb_etc_s0-40-1_init=benchmark,40,40,51.72111111111111,8
ucb_etc_s0-40-1,ucb_etc_s0-40-1_coop=cooperative,40,40,51.72111111111111,2
ucb_etc_s0-40-1,ucb_etc_s0-40-1_init=benchmark_coop=cooperative,40,40,51.72111111111111,2
ucb_etc_s0-60-1,ucb_etc_s0-60-1,42,45,48.20088888888889,11
ucb_etc_s0-40-1,ucb_etc_s0-40-1_init=benchmark_prior=demand_known,40,40,51.72111111111111,8
ucb_etc_s0-40-1,ucb_etc_s0-40-1_prior=demand_known_coop=cooperative,40,40,51.72111111111111,2
ucb_etc_s0-40-1,ucb_etc_s0-40-1_init=benchmark_prior=demand_known_coop=cooperative,40,40,51.72111111111111,2
ucb_etc_s0-60-1,ucb_etc_s0-60-1_init=benchmark,42,45,48.20088888888889,11
ucb_etc_s0-60-1,ucb_etc_s0-60-1_coop=cooperative,42,45,48.20088888888889,4
ucb_etc_s0-60-1,ucb_etc_s0-60-1_init=benchmark_coop=cooperative,42,45,48.20088888888889,4
ucb_etc_s0-60-1,ucb_etc_s0-60-1_init=benchmark_prior=demand_known,42,45,48.20088888888889,11
ucb_etc_s0-80-1,ucb_etc_s0-80-1,42,45,48.20088888888889,8
ucb_etc_s0-60-1,ucb_etc_s0-60-1_prior=demand_known_coop=cooperative,42,45,48.20088888888889,4
ucb_etc_s0-80-1,ucb_etc_s0-80-1_init=benchmark,42,45,48.20088888888889,8
ucb_etc_s0-60-1,ucb_etc_s0-60-1_init=benchmark_prior=demand_known_coop=cooperative,42,45,48.20088888888889,4
ucb_etc_s0-80-1,ucb_etc_s0-80-1_init=benchmark_prior=demand_known,42,45,48.20088888888889,8
ucb_etc_s0-80-1,ucb_etc_s0-80-1_coop=cooperative,42,45,48.20088888888889,6
ucb_etc_s0-80-1,ucb_etc_s0-80-1_init=benchmark_coop=cooperative,42,45,48.20088888888889,6
ucb_etc_s0-80-1,ucb_etc_s0-80-1_prior=demand_known_coop=cooperative,42,45,48.20088888888889,6
ucb_etc_s0-80-1,ucb_etc_s0-80-1_init=benchmark_prior=demand_known_coop=cooperative,42,45,48.20088888888889,6
ucb_etc_s0-60-1,ucb_etc_s0-60-1_prior=demand_known,42,45,48.20088888888889,11
thompson_greedy_s0-40-1,thompson_greedy_s0-40-1,40,40,51.72111111111111,8
thompson_greedy_s0-40-1,thompson_greedy_s0-40-1_init=benchmark,40,40,51.72111111111111,8
ucb_etc_s0-80-1,ucb_etc_s0-80-1_prior=demand_known,42,45,48.20088888888889,8
thompson_greedy_s0-40-1,thompson_greedy_s0-40-1_init=benchmark_prior=demand_known,40,40,51.72111111111111,8
thompson_greedy_s0-40-1,thompson_greedy_s0-40-1_coop=cooperative,40,40,51.72111111111111,2
thompson_greedy_s0-40-1,thompson_greedy_s0-40-1_init=benchmark_coop=cooperative,40,40,51.72111111111111,2
thompson_greedy_s0-40-1,thompson_greedy_s0-40-1_init=benchmark_prior=demand_known_coop=cooperative,40,40,51.72111111111111,2
thompson_greedy_s0-60-1,thompson_greedy_s0-60-1,42,45,48.20088888888889,11
thompson_greedy_s0-40-1,thompson_greedy_s0-40-1_prior=demand_known,40,40,51.72111111111111,8
thompson_greedy_s0-40-1,thompson_greedy_s0-40-1_prior=demand_known_coop=cooperative,40,40,51.72111111111111,2
thompson_greedy_s0-60-1,thompson_greedy_s0-60-1_init=benchmark,42,45,48.20088888888889,11
thompson_greedy_s0-60-1,thompson_greedy_s0-60-1_prior=demand_known,42,45,48.20088888888889,11
thompson_greedy_s0-60-1,thompson_greedy_s0-60-1_init=benchmark_prior=demand_known,42,45,48.20088888888889,11
thompson_greedy_s0-60-1,thompson_greedy_s0-60-1_init=benchmark_coop=cooperative,42,45,48.20088888888889,4
thompson_greedy_s0-60-1,thompson_greedy_s0-60-1_coop=cooperative,42,45,48.20088888888889,4
thompson_greedy_s0-60-1,thompson_greedy_s0-60-1_prior=demand_known_coop=cooperative,42,45,48.20088888888889,4
thompson_greedy_s0-60-1,thompson_greedy_s0-60-1_init=benchmark_prior=demand_known_coop=cooperative,42,45,48.20088888888889,4
thompson_greedy_s0-80-1,thompson_greedy_s0-80-1_init=benchmark,42,45,48.20088888888889,8
thompson_ucb_s0-40-1,thompson_ucb_s0-40-1,40,40,51.72111111111111,8
thompson_greedy_s0-80-1,thompson_greedy_s0-80-1,42,45,48.20088888888889,8
thompson_ucb_s0-40-1,thompson_ucb_s0-40-1_init=benchmark,40,40,51.72111111111111,8
thompson_greedy_s0-80-1,thompson_greedy_s0-80-1_prior=demand_known,42,45,48.20088888888889,8
thompson_greedy_s0-80-1,thompson_greedy_s0-80-1_init=benchmark_coop=cooperative,42,45,48.20088888888889,6
thompson_greedy_s0-80-1,thompson_greedy_s0-80-1_coop=cooperative,42,45,48.20088888888889,6
thompson_greedy_s0-80-1,thompson_greedy_s0-80-1_prior=demand_known_coop=cooperative,42,45,48.20088888888889,6
thompson_greedy_s0-80-1,thompson_greedy_s0-80-1_init=benchmark_prior=demand_known_coop=cooperative,42,45,48.20088888888889,6
thompson_ucb_s0-40-1,thompson_ucb_s0-40-1_prior=demand_known,40,40,51.72111111111111,8
thompson_ucb_s0-40-1,thompson_ucb_s0-40-1_coop=cooperative,40,40,51.72111111111111,2
thompson_ucb_s0-40-1,thompson_ucb_s0-40-1_init=benchmark_prior=demand_known,40,40,51.72111111111111,8
thompson_ucb_s0-40-1,thompson_ucb_s0-40-1_init=benchmark_coop=cooperative,40,40,51.72111111111111,2
thompson_ucb_s0-40-1,thompson_ucb_s0-40-1_prior=demand_known_coop=cooperative,40,40,51.72111111111111,2
thompson_ucb_s0-40-1,thompson_ucb_s0-40-1_init=benchmark_prior=demand_known_coop=cooperative,40,40,51.72111111111111,2
thompson_greedy_s0-80-1,thompson_greedy_s0-80-1_init=benchmark_prior=demand_known,42,45,48.20088888888889,8
thompson_ucb_s0-60-1,thompson_ucb_s0-60-1,42,45,48.20088888888889,11
thompson_ucb_s0-60-1,thompson_ucb_s0-60-1_init=benchmark,42,45,48.20088888888889,11
thompson_ucb_s0-60-1,thompson_ucb_s0-60-1_prior=demand_known,42,45,48.20088888888889,11
thompson_ucb_s0-60-1,thompson_ucb_s0-60-1_init=benchmark_prior=demand_known,42,45,48.20088888888889,11
thompson_ucb_s0-60-1,thompson_ucb_s0-60-1_coop=cooperative,42,45,48.20088888888889,4
thompson_ucb_s0-60-1,thompson_ucb_s0-60-1_init=benchmark_coop=cooperative,42,45,48.20088888888889,4
thompson_ucb_s0-60-1,thompson_ucb_s0-60-1_prior=demand_known_coop=cooperative,42,45,48.20088888888889,4
thompson_ucb_s0-80-1,thompson_ucb_s0-80-1,42,45,48.20088888888889,8
thompson_ucb_s0-80-1,thompson_ucb_s0-80-1_init=benchmark,42,45,48.20088888888889,8
thompson_ucb_s0-60-1,thompson_ucb_s0-60-1_init=benchmark_prior=demand_known_coop=cooperative,42,45,48.20088888888889,4
thompson_ucb_s0-80-1,thompson_ucb_s0-80-1_prior=demand_known,42,45,48.20088888888889,8
thompson_ucb_s0-80-1,thompson_ucb_s0-80-1_init=benchmark_prior=demand_known,42,45,48.20088888888889,8
thompson_ucb_s0-80-1,thompson_ucb_s0-80-1_coop=cooperative,42,45,48.20088888888889,6
thompson_ucb_s0-80-1,thompson_ucb_s0-80-1_init=benchmark_coop=cooperative,42,45,48.20088888888889,6
thompson_ucb_s0-80-1,thompson_ucb_s0-80-1_prior=demand_known_coop=cooperative,42,45,48.20088888888889,6
thompson_thompson_s0-40-1,thompson_thompson_s0-40-1,40,40,51.72111111111111,8
thompson_ucb_s0-80-1,thompson_ucb_s0-80-1_init=benchmark_prior=demand_known_coop=cooperative,42,45,48.20088888888889,6
thompson_thompson_s0-40-1,thompson_thompson_s0-40-1_init=benchmark,40,40,51.72111111111111,8
thompson_thompson_s0-40-1,thompson_thompson_s0-40-1_prior=demand_known,40,40,51.72111111111111,8
thompson_thompson_s0-40-1,thompson_thompson_s0-40-1_init=benchmark_prior=demand_known,40,40,51.72111111111111,8
thompson_thompson_s0-40-1,thompson_thompson_s0-40-1_coop=cooperative,40,40,51.72111111111111,2
thompson_thompson_s0-40-1,thompson_thompson_s0-40-1_init=benchmark_coop=cooperative,40,40,51.72111111111111,2
thompson_thompson_s0-40-1,thompson_thompson_s0-40-1_prior=demand_known_coop=cooperative,40,40,51.72111111111111,2
thompson_thompson_s0-40-1,thompson_thompson_s0-40-1_init=benchmark_prior=demand_known_coop=cooperative,40,40,51.72111111111111,2
thompson_thompson_s0-60-1,thompson_thompson_s0-60-1,42,45,48.20088888888889,11
thompson_thompson_s0-60-1,thompson_thompson_s0-60-1_init=benchmark,42,45,48.20088888888889,11
thompson_thompson_s0-60-1,thompson_thompson_s0-60-1_prior=demand_known,42,45,48.20088888888889,11
thompson_thompson_s0-60-1,thompson_thompson_s0-60-1_init=benchmark_prior=demand_known,42,45,48.20088888888889,11
thompson_thompson_s0-60-1,thompson_thompson_s0-60-1_coop=cooperative,42,45,48.20088888888889,4
thompson_thompson_s0-60-1,thompson_thompson_s0-60-1_init=benchmark_coop=cooperative,42,45,48.20088888888889,4
thompson_thompson_s0-60-1,thompson_thompson_s0-60-1_prior=demand_known_coop=cooperative,42,45,48.20088888888889,4
thompson_thompson_s0-60-1,thompson_thompson_s0-60-1_init=benchmark_prior=demand_known_coop=cooperative,42,45,48.20088888888889,4
thompson_thompson_s0-80-1,thompson_thompson_s0-80-1,42,45,48.20088888888889,8
thompson_thompson_s0-80-1,thompson_thompson_s0-80-1_init=benchmark,42,45,48.20088888888889,8
thompson_exp3_s0-40-1,thompson_exp3_s0-40-1,40,40,51.72111111111111,8
thompson_exp3_s0-40-1,thompson_exp3_s0-40-1_init=benchmark,40,40,51.72111111111111,8
thompson_thompson_s0-80-1,thompson_thompson_s0-80-1_prior=demand_known,42,45,48.20088888888889,8
thompson_thompson_s0-80-1,thompson_thompson_s0-80-1_init=benchmark_prior=demand_known,42,45,48.20088888888889,8
thompson_exp3_s0-40-1,thompson_exp3_s0-40-1_prior=demand_known,40,40,51.72111111111111,8
thompson_thompson_s0-80-1,thompson_thompson_s0-80-1_coop=cooperative,42,45,48.20088888888889,6
thompson_exp3_s0-40-1,thompson_exp3_s0-40-1_coop=cooperative,40,40,51.72111111111111,2
thompson_exp3_s0-40-1,thompson_exp3_s0-40-1_init=benchmark_prior=demand_known,40,40,51.72111111111111,8
thompson_exp3_s0-40-1,thompson_exp3_s0-40-1_init=benchmark_coop=cooperative,40,40,51.72111111111111,2
thompson_thompson_s0-80-1,thompson_thompson_s0-80-1_init=benchmark_coop=cooperative,42,45,48.20088888888889,6
thompson_thompson_s0-80-1,thompson_thompson_s0-80-1_prior=demand_known_coop=cooperative,42,45,48.20088888888889,6
thompson_exp3_s0-40-1,thompson_exp3_s0-40-1_prior=demand_known_coop=cooperative,40,40,51.72111111111111,2
thompson_thompson_s0-80-1,thompson_thompson_s0-80-1_init=benchmark_prior=demand_known_coop=cooperative,42,45,48.20088888888889,6
thompson_exp3_s0-40-1,thompson_exp3_s0-40-1_init=benchmark_prior=demand_known_coop=cooperative,40,40,51.72111111111111,2
thompson_exp3_s0-60-1,thompson_exp3_s0-60-1_init=benchmark,42,45,48.20088888888889,11
thompson_exp3_s0-60-1,thompson_exp3_s0-60-1,42,45,48.20088888888889,11
thompson_exp3_s0-60-1,thompson_exp3_s0-60-1_init=benchmark_prior=demand_known,42,45,48.20088888888889,11
thompson_exp3_s0-60-1,thompson_exp3_s0-60-1_prior=demand_known,42,45,48.20088888888889,11
thompson_exp3_s0-60-1,thompson_exp3_s0-60-1_init=benchmark_coop=cooperative,42,45,48.20088888888889,4
thompson_exp3_s0-60-1,thompson_exp3_s0-60-1_coop=cooperative,42,45,48.20088888888889,4
thompson_exp3_s0-60-1,thompson_exp3_s0-60-1_prior=demand_known_coop=cooperative,42,45,48.20088888888889,4
thompson_exp3_s0-60-1,thompson_exp3_s0-60-1_init=benchmark_prior=demand_known_coop=cooperative,42,45,48.20088888888889,4
thompson_exp3_s0-80-1,thompson_exp3_s0-80-1,42,45,48.20088888888889,8
thompson_exp3_s0-80-1,thompson_exp3_s0-80-1_init=benchmark,42,45,48.20088888888889,8
thompson_etc_s0-40-1,thompson_etc_s0-40-1,40,40,51.72111111111111,8
thompson_etc_s0-40-1,thompson_etc_s0-40-1_init=benchmark,40,40,51.72111111111111,8
thompson_exp3_s0-80-1,thompson_exp3_s0-80-1_init=benchmark_prior=demand_known,42,45,48.20088888888889,8
thompson_exp3_s0-80-1,thompson_exp3_s0-80-1_coop=cooperative,42,45,48.20088888888889,6
thompson_exp3_s0-80-1,thompson_exp3_s0-80-1_init=benchmark_coop=cooperative,42,45,48.20088888888889,6
thompson_exp3_s0-80-1,thompson_exp3_s0-80-1_prior=demand_known_coop=cooperative,42,45,48.20088888888889,6
thompson_exp3_s0-80-1,thompson_exp3_s0-80-1_init=benchmark_prior=demand_known_coop=cooperative,42,45,48.20088888888889,6
thompson_etc_s0-40-1,thompson_etc_s0-40-1_prior=demand_known,40,40,51.72111111111111,8
thompson_etc_s0-40-1,thompson_etc_s0-40-1_init=benchmark_prior=demand_known,40,40,51.72111111111111,8
thompson_etc_s0-40-1,thompson_etc_s0-40-1_coop=cooperative,40,40,51.72111111111111,2
thompson_etc_s0-40-1,thompson_etc_s0-40-1_init=benchmark_coop=cooperative,40,40,51.72111111111111,2
thompson_etc_s0-40-1,thompson_etc_s0-40-1_prior=demand_known_coop=cooperative,40,40,51.72111111111111,2
thompson_exp3_s0-80-1,thompson_exp3_s0-80-1_prior=demand_known,42,45,48.20088888888889,8
thompson_etc_s0-40-1,thompson_etc_s0-40-1_init=benchmark_prior=demand_known_coop=cooperative,40,40,51.72111111111111,2
thompson_etc_s0-60-1,thompson_etc_s0-60-1_init=benchmark,42,45,48.20088888888889,11
thompson_etc_s0-60-1,thompson_etc_s0-60-1,42,45,48.20088888888889,11
thompson_etc_s0-60-1,thompson_etc_s0-60-1_init=benchmark_prior=demand_known,42,45,48.20088888888889,11
thompson_etc_s0-60-1,thompson_etc_s0-60-1_prior=demand_known,42,45,48.20088888888889,11
thompson_etc_s0-60-1,thompson_etc_s0-60-1_coop=cooperative,42,45,48.20088888888889,4
thompson_etc_s0-60-1,thompson_etc_s0-60-1_init=benchmark_coop=cooperative,42,45,48.20088888888889,4
thompson_etc_s0-60-1,thompson_etc_s0-60-1_prior=demand_known_coop=cooperative,42,45,48.20088888888889,4
thompson_etc_s0-60-1,thompson_etc_s0-60-1_init=benchmark_prior=demand_known_coop=cooperative,42,45,48.20088888888889,4
thompson_etc_s0-80-1,thompson_etc_s0-80-1,42,45,48.20088888888889,8
exp3_greedy_s0-40-1,exp3_greedy_s0-40-1,40,40,51.72111111111111,8
thompson_etc_s0-80-1,thompson_etc_s0-80-1_init=benchmark,42,45,48.20088888888889,8
exp3_greedy_s0-40-1,exp3_greedy_s0-40-1_init=benchmark,40,40,51.72111111111111,8
thompson_etc_s0-80-1,thompson_etc_s0-80-1_prior=demand_known,42,45,48.20088888888889,8
exp3_greedy_s0-40-1,exp3_greedy_s0-40-1_prior=demand_known,40,40,51.72111111111111,8
thompson_etc_s0-80-1,thompson_etc_s0-80-1_init=benchmark_prior=demand_known,42,45,48.20088888888889,8
exp3_greedy_s0-40-1,exp3_greedy_s0-40-1_init=benchmark_prior=demand_known,40,40,51.72111111111111,8
thompson_etc_s0-80-1,thompson_etc_s0-80-1_init=benchmark_coop=cooperative,42,45,48.20088888888889,6
thompson_etc_s0-80-1,thompson_etc_s0-80-1_coop=cooperative,42,45,48.20088888888889,6
exp3_greedy_s0-40-1,exp3_greedy_s0-40-1_coop=cooperative,40,40,51.72111111111111,2
exp3_greedy_s0-40-1,exp3_greedy_s0-40-1_init=benchmark_coop=cooperative,40,40,51.72111111111111,2
thompson_etc_s0-80-1,thompson_etc_s0-80-1_prior=demand_known_coop=cooperative,42,45,48.20088888888889,6
exp3_greedy_s0-60-1,exp3_greedy_s0-60-1,42,45,48.20088888888889,11
exp3_greedy_s0-40-1,exp3_greedy_s0-40-1_prior=demand_known_coop=cooperative,40,40,51.72111111111111,2
exp3_greedy_s0-60-1,exp3_greedy_s0-60-1_prior=demand_known,42,45,48.20088888888889,11
exp3_greedy_s0-60-1,exp3_greedy_s0-60-1_init=benchmark,42,45,48.20088888888889,11
exp3_greedy_s0-60-1,exp3_greedy_s0-60-1_init=benchmark_prior=demand_known,42,45,48.20088888888889,11
exp3_greedy_s0-60-1,exp3_greedy_s0-60-1_coop=cooperative,42,45,48.20088888888889,4
exp3_greedy_s0-40-1,exp3_greedy_s0-40-1_init=benchmark_prior=demand_known_coop=cooperative,40,40,51.72111111111111,2
thompson_etc_s0-80-1,thompson_etc_s0-80-1_init=benchmark_prior=demand_known_coop=cooperative,42,45,48.20088888888889,6
exp3_greedy_s0-60-1,exp3_greedy_s0-60-1_init=benchmark_coop=cooperative,42,45,48.20088888888889,4
exp3_greedy_s0-60-1,exp3_greedy_s0-60-1_prior=demand_known_coop=cooperative,42,45,48.20088888888889,4
exp3_greedy_s0-60-1,exp3_greedy_s0-60-1_init=benchmark_prior=demand_known_coop=cooperative,42,45,48.20088888888889,4
exp3_greedy_s0-80-1,exp3_greedy_s0-80-1,42,45,48.20088888888889,8
exp3_greedy_s0-80-1,exp3_greedy_s0-80-1_init=benchmark,42,45,48.20088888888889,8
exp3_greedy_s0-80-1,exp3_greedy_s0-80-1_init=benchmark_prior=demand_known,42,45,48.20088888888889,8
exp3_greedy_s0-80-1,exp3_greedy_s0-80-1_coop=cooperative,42,45,48.20088888888889,6
exp3_greedy_s0-80-1,exp3_greedy_s0-80-1_prior=demand_known,42,45,48.20088888888889,8
exp3_greedy_s0-80-1,exp3_greedy_s0-80-1_init=benchmark_coop=cooperative,42,45,48.20088888888889,6
exp3_greedy_s0-80-1,exp3_greedy_s0-80-1_init=benchmark_prior=demand_known_coop=cooperative,42,45,48.20088888888889,6
exp3_greedy_s0-80-1,exp3_greedy_s0-80-1_prior=demand_known_coop=cooperative,42,45,48.20088888888889,6
exp3_ucb_s0-40-1,exp3_ucb_s0-40-1,40,40,51.72111111111111,8
exp3_ucb_s0-40-1,exp3_ucb_s0-40-1_coop=cooperative,40,40,51.72111111111111,2
exp3_ucb_s0-40-1,exp3_ucb_s0-40-1_init=benchmark,40,40,51.72111111111111,8
exp3_ucb_s0-40-1,exp3_ucb_s0-40-1_prior=demand_known,40,40,51.72111111111111,8
exp3_ucb_s0-40-1,exp3_ucb_s0-40-1_prior=demand_known_coop=cooperative,40,40,51.72111111111111,2
exp3_ucb_s0-40-1,exp3_ucb_s0-40-1_init=benchmark_coop=cooperative,40,40,51.72111111111111,2
exp3_ucb_s0-60-1,exp3_ucb_s0-60-1,42,45,48.20088888888889,11
exp3_ucb_s0-40-1,exp3_ucb_s0-40-1_init=benchmark_prior=demand_known_coop=cooperative,40,40,51.72111111111111,2
exp3_ucb_s0-60-1,exp3_ucb_s0-60-1_init=benchmark,42,45,48.20088888888889,11
exp3_ucb_s0-60-1,exp3_ucb_s0-60-1_prior=demand_known,42,45,48.20088888888889,11
exp3_ucb_s0-60-1,exp3_ucb_s0-60-1_init=benchmark_prior=demand_known,42,45,48.20088888888889,11
exp3_ucb_s0-60-1,exp3_ucb_s0-60-1_coop=cooperative,42,45,48.20088888888889,4
exp3_ucb_s0-40-1,exp3_ucb_s0-40-1_init=benchmark_prior=demand_known,40,40,51.72111111111111,8
exp3_ucb_s0-60-1,exp3_ucb_s0-60-1_prior=demand_known_coop=cooperative,42,45,48.20088888888889,4
exp3_ucb_s0-60-1,exp3_ucb_s0-60-1_init=benchmark_coop=cooperative,42,45,48.20088888888889,4
exp3_ucb_s0-80-1,exp3_ucb_s0-80-1_init=benchmark,42,45,48.20088888888889,8
exp3_ucb_s0-80-1,exp3_ucb_s0-80-1_init=benchmark_prior=demand_known,42,45,48.20088888888889,8
exp3_ucb_s0-80-1,exp3_ucb_s0-80-1_prior=demand_known,42,45,48.20088888888889,8
exp3_ucb_s0-80-1,exp3_ucb_s0-80-1,42,45,48.20088888888889,8
exp3_ucb_s0-60-1,exp3_ucb_s0-60-1_init=benchmark_prior=demand_known_coop=cooperative,42,45,48.20088888888889,4
exp3_ucb_s0-80-1,exp3_ucb_s0-80-1_coop=cooperative,42,45,48.20088888888889,6
exp3_ucb_s0-80-1,exp3_ucb_s0-80-1_init=benchmark_coop=cooperative,42,45,48.20088888888889,6
exp3_ucb_s0-80-1,exp3_ucb_s0-80-1_prior=demand_known_coop=cooperative,42,45,48.20088888888889,6
exp3_ucb_s0-80-1,exp3_ucb_s0-80-1_init=benchmark_prior=demand_known_coop=cooperative,42,45,48.20088888888889,6
exp3_thompson_s0-40-1,exp3_thompson_s0-40-1,40,40,51.72111111111111,8
exp3_thompson_s0-40-1,exp3_thompson_s0-40-1_init=benchmark,40,40,51.72111111111111,8
exp3_thompson_s0-40-1,exp3_thompson_s0-40-1_prior=demand_known,40,40,51.72111111111111,8
exp3_thompson_s0-40-1,exp3_thompson_s0-40-1_init=benchmark_prior=demand_known,40,40,51.72111111111111,8
exp3_thompson_s0-40-1,exp3_thompson_s0-40-1_init=benchmark_coop=cooperative,40,40,51.72111111111111,2
exp3_thompson_s0-40-1,exp3_thompson_s0-40-1_coop=cooperative,40,40,51.72111111111111,2
exp3_thompson_s0-40-1,exp3_thompson_s0-40-1_prior=demand_known_coop=cooperative,40,40,51.72111111111111,2
exp3_thompson_s0-40-1,exp3_thompson_s0-40-1_init=benchmark_prior=demand_known_coop=cooperative,40,40,51.72111111111111,2
exp3_thompson_s0-60-1,exp3_thompson_s0-60-1,42,45,48.20088888888889,11
exp3_thompson_s0-60-1,exp3_thompson_s0-60-1_init=benchmark,42,45,48.20088888888889,11
exp3_thompson_s0-60-1,exp3_thompson_s0-60-1_prior=demand_known,42,45,48.20088888888889,11
exp3_thompson_s0-60-1,exp3_thompson_s0-60-1_init=benchmark_coop=cooperative,42,45,48.20088888888889,4
exp3_thompson_s0-60-1,exp3_thompson_s0-60-1_init=benchmark_prior=demand_known,42,45,48.20088888888889,11
exp3_thompson_s0-60-1,exp3_thompson_s0-60-1_init=benchmark_prior=demand_known_coop=cooperative,42,45,48.20088888888889,4
exp3_thompson_s0-60-1,exp3_thompson_s0-60-1_coop=cooperative,42,45,48.20088888888889,4
exp3_thompson_s0-60-1,exp3_thompson_s0-60-1_prior=demand_known_coop=cooperative,42,45,48.20088888888889,4
exp3_exp3_s0-40-1,exp3_exp3_s0-40-1,40,40,51.72111111111111,8
exp3_exp3_s0-40-1,exp3_exp3_s0-40-1_init=benchmark,40,40,51.72111111111111,8
exp3_thompson_s0-80-1,exp3_thompson_s0-80-1_init=benchmark,42,45,48.20088888888889,8
exp3_thompson_s0-80-1,exp3_thompson_s0-80-1,42,45,48.20088888888889,8
exp3_exp3_s0-40-1,exp3_exp3_s0-40-1_prior=demand_known,40,40,51.72111111111111,8
exp3_exp3_s0-40-1,exp3_exp3_s0-40-1_init=benchmark_prior=demand_known,40,40,51.72111111111111,8
exp3_thompson_s0-80-1,exp3_thompson_s0-80-1_init=benchmark_prior=demand_known,42,45,48.20088888888889,8
exp3_thompson_s0-80-1,exp3_thompson_s0-80-1_prior=demand_known,42,45,48.20088888888889,8
exp3_exp3_s0-40-1,exp3_exp3_s0-40-1_init=benchmark_coop=cooperative,40,40,51.72111111111111,2
exp3_exp3_s0-40-1,exp3_exp3_s0-40-1_coop=cooperative,40,40,51.72111111111111,2
exp3_exp3_s0-40-1,exp3_exp3_s0-40-1_prior=demand_known_coop=cooperative,40,40,51.72111111111111,2
exp3_exp3_s0-40-1,exp3_exp3_s0-40-1_init=benchmark_prior=demand_known_coop=cooperative,40,40,51.72111111111111,2
exp3_thompson_s0-80-1,exp3_thompson_s0-80-1_coop=cooperative,42,45,48.20088888888889,6
exp3_exp3_s0-60-1,exp3_exp3_s0-60-1,42,45,48.20088888888889,11
exp3_exp3_s0-60-1,exp3_exp3_s0-60-1_init=benchmark,42,45,48.20088888888889,11
exp3_thompson_s0-80-1,exp3_thompson_s0-80-1_init=benchmark_coop=cooperative,42,45,48.20088888888889,6
exp3_thompson_s0-80-1,exp3_thompson_s0-80-1_prior=demand_known_coop=cooperative,42,45,48.20088888888889,6
exp3_exp3_s0-60-1,exp3_exp3_s0-60-1_prior=demand_known,42,45,48.20088888888889,11
exp3_exp3_s0-60-1,exp3_exp3_s0-60-1_init=benchmark_prior=demand_known,42,45,48.20088888888889,11
exp3_exp3_s0-60-1,exp3_exp3_s0-60-1_coop=cooperative,42,45,48.20088888888889,4
exp3_thompson_s0-80-1,exp3_thompson_s0-80-1_init=benchmark_prior=demand_known_coop=cooperative,42,45,48.20088888888889,6
exp3_exp3_s0-60-1,exp3_exp3_s0-60-1_init=benchmark_coop=cooperative,42,45,48.20088888888889,4
exp3_exp3_s0-60-1,exp3_exp3_s0-60-1_prior=demand_known_coop=cooperative,42,45,48.20088888888889,4
exp3_exp3_s0-60-1,exp3_exp3_s0-60-1_init=benchmark_prior=demand_known_coop=cooperative,42,45,48.20088888888889,4
exp3_exp3_s0-80-1,exp3_exp3_s0-80-1,42,45,48.20088888888889,8
exp3_exp3_s0-80-1,exp3_exp3_s0-80-1_init=benchmark,42,45,48.20088888888889,8
exp3_exp3_s0-80-1,exp3_exp3_s0-80-1_prior=demand_known,42,45,48.20088888888889,8
exp3_exp3_s0-80-1,exp3_exp3_s0-80-1_init=benchmark_prior=demand_known,42,45,48.20088888888889,8
exp3_exp3_s0-80-1,exp3_exp3_s0-80-1_coop=cooperative,42,45,48.20088888888889,6
exp3_exp3_s0-80-1,exp3_exp3_s0-80-1_init=benchmark_coop=cooperative,42,45,48.20088888888889,6
exp3_exp3_s0-80-1,exp3_exp3_s0-80-1_prior=demand_known_coop=cooperative,42,45,48.20088888888889,6
exp3_exp3_s0-80-1,exp3_exp3_s0-80-1_init=benchmark_prior=demand_known_coop=cooperative,42,45,48.20088888888889,6
exp3_etc_s0-40-1,exp3_etc_s0-40-1_init=benchmark,40,40,51.72111111111111,8
exp3_etc_s0-40-1,exp3_etc_s0-40-1_init=benchmark_prior=demand_known,40,40,51.72111111111111,8
exp3_etc_s0-40-1,exp3_etc_s0-40-1,40,40,51.72111111111111,8
exp3_etc_s0-40-1,exp3_etc_s0-40-1_prior=demand_known,40,40,51.72111111111111,8
exp3_etc_s0-40-1,exp3_etc_s0-40-1_coop=cooperative,40,40,51.72111111111111,2
exp3_etc_s0-40-1,exp3_etc_s0-40-1_init=benchmark_coop=cooperative,40,40,51.72111111111111,2
exp3_etc_s0-40-1,exp3_etc_s0-40-1_prior=demand_known_coop=cooperative,40,40,51.72111111111111,2
exp3_etc_s0-60-1,exp3_etc_s0-60-1,42,45,48.20088888888889,11
exp3_etc_s0-40-1,exp3_etc_s0-40-1_init=benchmark_prior=demand_known_coop=cooperative,40,40,51.72111111111111,2
exp3_etc_s0-60-1,exp3_etc_s0-60-1_init=benchmark,42,45,48.20088888888889,11
exp3_etc_s0-60-1,exp3_etc_s0-60-1_prior=demand_known,42,45,48.20088888888889,11
exp3_etc_s0-60-1,exp3_etc_s0-60-1_init=benchmark_prior=demand_known,42,45,48.20088888888889,11
exp3_etc_s0-60-1,exp3_etc_s0-60-1_coop=cooperative,42,45,48.20088888888889,4
exp3_etc_s0-60-1,exp3_etc_s0-60-1_init=benchmark_coop=cooperative,42,45,48.20088888888889,4
exp3_etc_s0-60-1,exp3_etc_s0-60-1_prior=demand_known_coop=cooperative,42,45,48.20088888888889,4
exp3_etc_s0-60-1,exp3_etc_s0-60-1_init=benchmark_prior=demand_known_coop=cooperative,42,45,48.20088888888889,4
exp3_etc_s0-80-1,exp3_etc_s0-80-1,42,45,48.20088888888889,8
exp3_etc_s0-80-1,exp3_etc_s0-80-1_prior=demand_known,42,45,48.20088888888889,8
exp3_etc_s0-80-1,exp3_etc_s0-80-1_init=benchmark,42,45,48.20088888888889,8
exp3_etc_s0-80-1,exp3_etc_s0-80-1_coop=cooperative,42,45,48.20088888888889,6
exp3_etc_s0-80-1,exp3_etc_s0-80-1_init=benchmark_prior=demand_known,42,45,48.20088888888889,8
exp3_etc_s0-80-1,exp3_etc_s0-80-1_init=benchmark_coop=cooperative,42,45,48.20088888888889,6
exp3_etc_s0-80-1,exp3_etc_s0-80-1_prior=demand_known_coop=cooperative,42,45,48.20088888888889,6
etc_greedy_s0-40-1,etc_greedy_s0-40-1,40,40,51.72111111111111,8
exp3_etc_s0-80-1,exp3_etc_s0-80-1_init=benchmark_prior=demand_known_coop=cooperative,42,45,48.20088888888889,6
etc_greedy_s0-40-1,etc_greedy_s0-40-1_init=benchmark,40,40,51.72111111111111,8
etc_greedy_s0-40-1,etc_greedy_s0-40-1_prior=demand_known,40,40,51.72111111111111,8
etc_greedy_s0-40-1,etc_greedy_s0-40-1_init=benchmark_prior=demand_known,40,40,51.72111111111111,8
etc_greedy_s0-40-1,etc_greedy_s0-40-1_coop=cooperative,40,40,51.72111111111111,2
etc_greedy_s0-40-1,etc_greedy_s0-40-1_prior=demand_known_coop=cooperative,40,40,51.72111111111111,2
etc_greedy_s0-40-1,etc_greedy_s0-40-1_init=benchmark_coop=cooperative,40,40,51.72111111111111,2
etc_greedy_s0-60-1,etc_greedy_s0-60-1,42,45,48.20088888888889,11
etc_greedy_s0-60-1,etc_greedy_s0-60-1_prior=demand_known,42,45,48.20088888888889,11
etc_greedy_s0-60-1,etc_greedy_s0-60-1_init=benchmark_prior=demand_known,42,45,48.20088888888889,11
etc_greedy_s0-60-1,etc_greedy_s0-60-1_coop=cooperative,42,45,48.20088888888889,4
etc_greedy_s0-40-1,etc_greedy_s0-40-1_init=benchmark_prior=demand_known_coop=cooperative,40,40,51.72111111111111,2
etc_greedy_s0-60-1,etc_greedy_s0-60-1_init=benchmark_coop=cooperative,42,45,48.20088888888889,4
etc_greedy_s0-60-1,etc_greedy_s0-60-1_init=benchmark,42,45,48.20088888888889,11
etc_greedy_s0-60-1,etc_greedy_s0-60-1_prior=demand_known_coop=cooperative,42,45,48.20088888888889,4
etc_greedy_s0-80-1,etc_greedy_s0-80-1,42,45,48.20088888888889,8
etc_greedy_s0-60-1,etc_greedy_s0-60-1_init=benchmark_prior=demand_known_coop=cooperative,42,45,48.20088888888889,4
etc_greedy_s0-80-1,etc_greedy_s0-80-1_init=benchmark,42,45,48.20088888888889,8
etc_greedy_s0-80-1,etc_greedy_s0-80-1_prior=demand_known,42,45,48.20088888888889,8
etc_greedy_s0-80-1,etc_greedy_s0-80-1_coop=cooperative,42,45,48.20088888888889,6
etc_greedy_s0-80-1,etc_greedy_s0-80-1_init=benchmark_prior=demand_known,42,45,48.20088888888889,8
etc_greedy_s0-80-1,etc_greedy_s0-80-1_prior=demand_known_coop=cooperative,42,45,48.20088888888889,6
etc_greedy_s0-80-1,etc_greedy_s0-80-1_init=benchmark_coop=cooperative,42,45,48.20088888888889,6
etc_greedy_s0-80-1,etc_greedy_s0-80-1_init=benchmark_prior=demand_known_coop=cooperative,42,45,48.20088888888889,6
etc_ucb_s0-40-1,etc_ucb_s0-40-1,40,40,51.72111111111111,8
etc_ucb_s0-40-1,etc_ucb_s0-40-1_init=benchmark,40,40,51.72111111111111,8
etc_ucb_s0-40-1,etc_ucb_s0-40-1_coop=cooperative,40,40,51.72111111111111,2
etc_ucb_s0-40-1,etc_ucb_s0-40-1_init=benchmark_prior=demand_known,40,40,51.72111111111111,8
etc_ucb_s0-40-1,etc_ucb_s0-40-1_init=benchmark_coop=cooperative,40,40,51.72111111111111,2
etc_ucb_s0-60-1,etc_ucb_s0-60-1,42,45,48.20088888888889,11
etc_ucb_s0-40-1,etc_ucb_s0-40-1_prior=demand_known_coop=cooperative,40,40,51.72111111111111,2
etc_ucb_s0-60-1,etc_ucb_s0-60-1_init=benchmark,42,45,48.20088888888889,11
etc_ucb_s0-60-1,etc_ucb_s0-60-1_prior=demand_known,42,45,48.20088888888889,11
etc_ucb_s0-40-1,etc_ucb_s0-40-1_prior=demand_known,40,40,51.72111111111111,8
etc_ucb_s0-40-1,etc_ucb_s0-40-1_init=benchmark_prior=demand_known_coop=cooperative,40,40,51.72111111111111,2
etc_ucb_s0-60-1,etc_ucb_s0-60-1_coop=cooperative,42,45,48.20088888888889,4
etc_ucb_s0-60-1,etc_ucb_s0-60-1_init=benchmark_coop=cooperative,42,45,48.20088888888889,4
etc_ucb_s0-60-1,etc_ucb_s0-60-1_init=benchmark_prior=demand_known_coop=cooperative,42,45,48.20088888888889,4
etc_ucb_s0-80-1,etc_ucb_s0-80-1_init=benchmark,42,45,48.20088888888889,8
etc_ucb_s0-60-1,etc_ucb_s0-60-1_init=benchmark_prior=demand_known,42,45,48.20088888888889,11
etc_ucb_s0-80-1,etc_ucb_s0-80-1_init=benchmark_prior=demand_known,42,45,48.20088888888889,8
etc_ucb_s0-80-1,etc_ucb_s0-80-1_coop=cooperative,42,45,48.20088888888889,6
etc_ucb_s0-60-1,etc_ucb_s0-60-1_prior=demand_known_coop=cooperative,42,45,48.20088888888889,4
etc_ucb_s0-80-1,etc_ucb_s0-80-1,42,45,48.20088888888889,8
etc_ucb_s0-80-1,etc_ucb_s0-80-1_init=benchmark_coop=cooperative,42,45,48.20088888888889,6
etc_ucb_s0-80-1,etc_ucb_s0-80-1_prior=demand_known,42,45,48.20088888888889,8
etc_ucb_s0-80-1,etc_ucb_s0-80-1_prior=demand_known_coop=cooperative,42,45,48.20088888888889,6
etc_ucb_s0-80-1,etc_ucb_s0-80-1_init=benchmark_prior=demand_known_coop=cooperative,42,45,48.20088888888889,6
etc_thompson_s0-40-1,etc_thompson_s0-40-1,40,40,51.72111111111111,8
etc_thompson_s0-40-1,etc_thompson_s0-40-1_init=benchmark,40,40,51.72111111111111,8
etc_thompson_s0-40-1,etc_thompson_s0-40-1_prior=demand_known,40,40,51.72111111111111,8
etc_thompson_s0-40-1,etc_thompson_s0-40-1_init=benchmark_prior=demand_known,40,40,51.72111111111111,8
etc_thompson_s0-40-1,etc_thompson_s0-40-1_coop=cooperative,40,40,51.72111111111111,2
etc_thompson_s0-40-1,etc_thompson_s0-40-1_init=benchmark_coop=cooperative,40,40,51.72111111111111,2
etc_thompson_s0-40-1,etc_thompson_s0-40-1_init=benchmark_prior=demand_known_coop=cooperative,40,40,51.72111111111111,2
etc_thompson_s0-40-1,etc_thompson_s0-40-1_prior=demand_known_coop=cooperative,40,40,51.72111111111111,2
etc_thompson_s0-60-1,etc_thompson_s0-60-1,42,45,48.20088888888889,11
etc_thompson_s0-60-1,etc_thompson_s0-60-1_init=benchmark,42,45,48.20088888888889,11
etc_thompson_s0-60-1,etc_thompson_s0-60-1_coop=cooperative,42,45,48.20088888888889,4
etc_thompson_s0-60-1,etc_thompson_s0-60-1_init=benchmark_prior=demand_known,42,45,48.20088888888889,11
etc_thompson_s0-60-1,etc_thompson_s0-60-1_prior=demand_known,42,45,48.20088888888889,11
etc_thompson_s0-60-1,etc_thompson_s0-60-1_init=benchmark_coop=cooperative,42,45,48.20088888888889,4
etc_thompson_s0-60-1,etc_thompson_s0-60-1_prior=demand_known_coop=cooperative,42,45,48.20088888888889,4
etc_thompson_s0-60-1,etc_thompson_s0-60-1_init=benchmark_prior=demand_known_coop=cooperative,42,45,48.20088888888889,4
etc_thompson_s0-80-1,etc_thompson_s0-80-1,42,45,48.20088888888889,8
etc_exp3_s0-40-1,etc_exp3_s0-40-1,40,40,51.72111111111111,8
etc_exp3_s0-40-1,etc_exp3_s0-40-1_init=benchmark,40,40,51.72111111111111,8
etc_thompson_s0-80-1,etc_thompson_s0-80-1_init=benchmark,42,45,48.20088888888889,8
etc_thompson_s0-80-1,etc_thompson_s0-80-1_prior=demand_known,42,45,48.20088888888889,8
etc_exp3_s0-40-1,etc_exp3_s0-40-1_prior=demand_known,40,40,51.72111111111111,8
etc_exp3_s0-40-1,etc_exp3_s0-40-1_init=benchmark_prior=demand_known,40,40,51.72111111111111,8
etc_exp3_s0-40-1,etc_exp3_s0-40-1_coop=cooperative,40,40,51.72111111111111,2
etc_thompson_s0-80-1,etc_thompson_s0-80-1_init=benchmark_prior=demand_known,42,45,48.20088888888889,8
etc_exp3_s0-40-1,etc_exp3_s0-40-1_init=benchmark_coop=cooperative,40,40,51.72111111111111,2
etc_exp3_s0-40-1,etc_exp3_s0-40-1_prior=demand_known_coop=cooperative,40,40,51.72111111111111,2
etc_exp3_s0-40-1,etc_exp3_s0-40-1_init=benchmark_prior=demand_known_coop=cooperative,40,40,51.72111111111111,2
etc_exp3_s0-60-1,etc_exp3_s0-60-1,42,45,48.20088888888889,11
etc_exp3_s0-60-1,etc_exp3_s0-60-1_init=benchmark,42,45,48.20088888888889,11
etc_exp3_s0-60-1,etc_exp3_s0-60-1_prior=demand_known,42,45,48.20088888888889,11
etc_exp3_s0-60-1,etc_exp3_s0-60-1_init=benchmark_prior=demand_known,42,45,48.20088888888889,11
etc_thompson_s0-80-1,etc_thompson_s0-80-1_coop=cooperative,42,45,48.20088888888889,6
etc_thompson_s0-80-1,etc_thompson_s0-80-1_init=benchmark_coop=cooperative,42,45,48.20088888888889,6
etc_thompson_s0-80-1,etc_thompson_s0-80-1_prior=demand_known_coop=cooperative,42,45,48.20088888888889,6
etc_exp3_s0-60-1,etc_exp3_s0-60-1_init=benchmark_coop=cooperative,42,45,48.20088888888889,4
etc_exp3_s0-60-1,etc_exp3_s0-60-1_prior=demand_known_coop=cooperative,42,45,48.20088888888889,4
etc_exp3_s0-60-1,etc_exp3_s0-60-1_init=benchmark_prior=demand_known_coop=cooperative,42,45,48.20088888888889,4
etc_exp3_s0-80-1,etc_exp3_s0-80-1,42,45,48.20088888888889,8
etc_thompson_s0-80-1,etc_thompson_s0-80-1_init=benchmark_prior=demand_known_coop=cooperative,42,45,48.20088888888889,6
etc_exp3_s0-60-1,etc_exp3_s0-60-1_coop=cooperative,42,45,48.20088888888889,4
etc_exp3_s0-80-1,etc_exp3_s0-80-1_prior=demand_known,42,45,48.20088888888889,8
etc_exp3_s0-80-1,etc_exp3_s0-80-1_init=benchmark,42,45,48.20088888888889,8
etc_exp3_s0-80-1,etc_exp3_s0-80-1_init=benchmark_prior=demand_known,42,45,48.20088888888889,8
etc_exp3_s0-80-1,etc_exp3_s0-80-1_coop=cooperative,42,45,48.20088888888889,6
etc_etc_s0-40-1,etc_etc_s0-40-1,40,40,51.72111111111111,8
etc_exp3_s0-80-1,etc_exp3_s0-80-1_init=benchmark_coop=cooperative,42,45,48.20088888888889,6
etc_etc_s0-40-1,etc_etc_s0-40-1_init=benchmark,40,40,51.72111111111111,8
etc_exp3_s0-80-1,etc_exp3_s0-80-1_init=benchmark_prior=demand_known_coop=cooperative,42,45,48.20088888888889,6
etc_etc_s0-40-1,etc_etc_s0-40-1_prior=demand_known,40,40,51.72111111111111,8
etc_etc_s0-40-1,etc_etc_s0-40-1_init=benchmark_prior=demand_known,40,40,51.72111111111111,8
etc_etc_s0-40-1,etc_etc_s0-40-1_coop=cooperative,40,40,51.72111111111111,2
etc_etc_s0-40-1,etc_etc_s0-40-1_init=benchmark_coop=cooperative,40,40,51.72111111111111,2
etc_etc_s0-60-1,etc_etc_s0-60-1,42,45,48.20088888888889,11
etc_etc_s0-40-1,etc_etc_s0-40-1_prior=demand_known_coop=cooperative,40,40,51.72111111111111,2
etc_etc_s0-40-1,etc_etc_s0-40-1_init=benchmark_prior=demand_known_coop=cooperative,40,40,51.72111111111111,2
etc_etc_s0-60-1,etc_etc_s0-60-1_init=benchmark,42,45,48.20088888888889,11
etc_etc_s0-60-1,etc_etc_s0-60-1_prior=demand_known,42,45,48.20088888888889,11
etc_etc_s0-60-1,etc_etc_s0-60-1_init=benchmark_prior=demand_known,42,45,48.20088888888889,11
etc_etc_s0-60-1,etc_etc_s0-60-1_coop=cooperative,42,45,48.20088888888889,4
etc_etc_s0-60-1,etc_etc_s0-60-1_init=benchmark_coop=cooperative,42,45,48.20088888888889,4
etc_etc_s0-80-1,etc_etc_s0-80-1,42,45,48.20088888888889,8
etc_etc_s0-80-1,etc_etc_s0-80-1_init=benchmark,42,45,48.20088888888889,8
etc_etc_s0-60-1,etc_etc_s0-60-1_prior=demand_known_coop=cooperative,42,45,48.20088888888889,4
etc_etc_s0-60-1,etc_etc_s0-60-1_init=benchmark_prior=demand_known_coop=cooperative,42,45,48.20088888888889,4
etc_etc_s0-80-1,etc_etc_s0-80-1_coop=cooperative,42,45,48.20088888888889,6
etc_etc_s0-80-1,etc_etc_s0-80-1_prior=demand_known,42,45,48.20088888888889,8
etc_etc_s0-80-1,etc_etc_s0-80-1_init=benchmark_coop=cooperative,42,45,48.20088888888889,6
etc_etc_s0-80-1,etc_etc_s0-80-1_init=benchmark_prior=demand_known,42,45,48.20088888888889,8
etc_etc_s0-80-1,etc_etc_s0-80-1_prior=demand_known_coop=cooperative,42,45,48.20088888888889,6
etc_etc_s0-80-1,etc_etc_s0-80-1_init=benchmark_prior=demand_known_coop=cooperative,42,45,48.20088888888889,6
etc_exp3_s0-80-1,etc_exp3_s0-80-1_prior=demand_known_coop=cooperative,42,45,48.20088888888889,6
greedy_greedy_s0-40-1,greedy_greedy_s0-40-1_coop=partial_beta=0.25,40,40,51.72111111111111,6
greedy_greedy_s0-40-1,greedy_greedy_s0-40-1_init=benchmark_coop=partial_beta=0.25,40,40,51.72111111111111,6
greedy_greedy_s0-40-1,greedy_greedy_s0-40-1_coop=partial_beta=0.5,40,40,51.72111111111111,4
greedy_greedy_s0-40-1,greedy_greedy_s0-40-1_init=benchmark_coop=partial_beta=0.5,40,40,51.72111111111111,4
greedy_greedy_s0-40-1,greedy_greedy_s0-40-1_coop=partial_beta=0.75,40,40,51.72111111111111,3
greedy_greedy_s0-40-1,greedy_greedy_s0-40-1_init=benchmark_coop=partial_beta=0.75,40,40,51.72111111111111,3
greedy_greedy_s0-40-1,greedy_greedy_s0-40-1_prior=demand_known_coop=partial_beta=0.25,40,40,51.72111111111111,6
greedy_greedy_s0-40-1,greedy_greedy_s0-40-1_init=benchmark_prior=demand_known_coop=partial_beta=0.25,40,40,51.72111111111111,6
greedy_greedy_s0-40-1,greedy_greedy_s0-40-1_init=benchmark_prior=demand_known_coop=partial_beta=0.5,40,40,51.72111111111111,4
greedy_greedy_s0-40-1,greedy_greedy_s0-40-1_prior=demand_known_coop=partial_beta=0.5,40,40,51.72111111111111,4
greedy_greedy_s0-40-1,greedy_greedy_s0-40-1_prior=demand_known_coop=partial_beta=0.75,40,40,51.72111111111111,3
greedy_greedy_s0-40-1,greedy_greedy_s0-40-1_init=benchmark_prior=demand_known_coop=partial_beta=0.75,40,40,51.72111111111111,3
greedy_greedy_s0-60-1,greedy_greedy_s0-60-1_init=benchmark_coop=partial_beta=0.25,42,45,48.20088888888889,8
greedy_greedy_s0-60-1,greedy_greedy_s0-60-1_coop=partial_beta=0.25,42,45,48.20088888888889,8
greedy_greedy_s0-60-1,greedy_greedy_s0-60-1_coop=partial_beta=0.5,42,45,48.20088888888889,7
greedy_greedy_s0-60-1,greedy_greedy_s0-60-1_init=benchmark_coop=partial_beta=0.5,42,45,48.20088888888889,7
greedy_greedy_s0-60-1,greedy_greedy_s0-60-1_prior=demand_known_coop=partial_beta=0.25,42,45,48.20088888888889,8
greedy_greedy_s0-60-1,greedy_greedy_s0-60-1_init=benchmark_prior=demand_known_coop=partial_beta=0.25,42,45,48.20088888888889,8
greedy_greedy_s0-60-1,greedy_greedy_s0-60-1_init=benchmark_coop=partial_beta=0.75,42,45,48.20088888888889,6
greedy_greedy_s0-60-1,greedy_greedy_s0-60-1_prior=demand_known_coop=partial_beta=0.5,42,45,48.20088888888889,7
greedy_greedy_s0-60-1,greedy_greedy_s0-60-1_init=benchmark_prior=demand_known_coop=partial_beta=0.5,42,45,48.20088888888889,7
greedy_greedy_s0-60-1,greedy_greedy_s0-60-1_coop=partial_beta=0.75,42,45,48.20088888888889,6
greedy_greedy_s0-60-1,greedy_greedy_s0-60-1_prior=demand_known_coop=partial_beta=0.75,42,45,48.20088888888889,6
greedy_greedy_s0-60-1,greedy_greedy_s0-60-1_init=benchmark_prior=demand_known_coop=partial_beta=0.75,42,45,48.20088888888889,6
greedy_greedy_s0-80-1,greedy_greedy_s0-80-1_coop=partial_beta=0.25,42,45,48.20088888888889,7
greedy_greedy_s0-80-1,greedy_greedy_s0-80-1_init=benchmark_coop=partial_beta=0.25,42,45,48.20088888888889,7
greedy_greedy_s0-80-1,greedy_greedy_s0-80-1_coop=partial_beta=0.5,42,45,48.20088888888889,3
greedy_greedy_s0-80-1,greedy_greedy_s0-80-1_init=benchmark_coop=partial_beta=0.5,42,45,48.20088888888889,3
greedy_ucb_s0-40-1,greedy_ucb_s0-40-1_coop=partial_beta=0.25,40,40,51.72111111111111,6
greedy_greedy_s0-80-1,greedy_greedy_s0-80-1_prior=demand_known_coop=partial_beta=0.25,42,45,48.20088888888889,7
greedy_greedy_s0-80-1,greedy_greedy_s0-80-1_coop=partial_beta=0.75,42,45,48.20088888888889,3
greedy_greedy_s0-80-1,greedy_greedy_s0-80-1_init=benchmark_coop=partial_beta=0.75,42,45,48.20088888888889,3
greedy_ucb_s0-40-1,greedy_ucb_s0-40-1_init=benchmark_coop=partial_beta=0.25,40,40,51.72111111111111,6
greedy_greedy_s0-80-1,greedy_greedy_s0-80-1_init=benchmark_prior=demand_known_coop=partial_beta=0.25,42,45,48.20088888888889,7
greedy_greedy_s0-80-1,greedy_greedy_s0-80-1_prior=demand_known_coop=partial_beta=0.5,42,45,48.20088888888889,3
greedy_greedy_s0-80-1,greedy_greedy_s0-80-1_init=benchmark_prior=demand_known_coop=partial_beta=0.5,42,45,48.20088888888889,3
greedy_ucb_s0-40-1,greedy_ucb_s0-40-1_coop=partial_beta=0.5,40,40,51.72111111111111,4
greedy_ucb_s0-40-1,greedy_ucb_s0-40-1_prior=demand_known_coop=partial_beta=0.5,40,40,51.72111111111111,4
greedy_ucb_s0-40-1,greedy_ucb_s0-40-1_init=benchmark_coop=partial_beta=0.5,40,40,51.72111111111111,4
greedy_ucb_s0-40-1,greedy_ucb_s0-40-1_prior=demand_known_coop=partial_beta=0.25,40,40,51.72111111111111,6
greedy_ucb_s0-40-1,greedy_ucb_s0-40-1_init=benchmark_coop=partial_beta=0.75,40,40,51.72111111111111,3
greedy_ucb_s0-60-1,greedy_ucb_s0-60-1_coop=partial_beta=0.25,42,45,48.20088888888889,8
greedy_ucb_s0-40-1,greedy_ucb_s0-40-1_coop=partial_beta=0.75,40,40,51.72111111111111,3
greedy_ucb_s0-40-1,greedy_ucb_s0-40-1_init=benchmark_prior=demand_known_coop=partial_beta=0.25,40,40,51.72111111111111,6
greedy_greedy_s0-80-1,greedy_greedy_s0-80-1_prior=demand_known_coop=partial_beta=0.75,42,45,48.20088888888889,3
greedy_greedy_s0-80-1,greedy_greedy_s0-80-1_init=benchmark_prior=demand_known_coop=partial_beta=0.75,42,45,48.20088888888889,3
greedy_ucb_s0-40-1,greedy_ucb_s0-40-1_init=benchmark_prior=demand_known_coop=partial_beta=0.5,40,40,51.72111111111111,4
greedy_ucb_s0-60-1,greedy_ucb_s0-60-1_coop=partial_beta=0.5,42,45,48.20088888888889,7
greedy_ucb_s0-40-1,greedy_ucb_s0-40-1_prior=demand_known_coop=partial_beta=0.75,40,40,51.72111111111111,3
greedy_ucb_s0-40-1,greedy_ucb_s0-40-1_init=benchmark_prior=demand_known_coop=partial_beta=0.75,40,40,51.72111111111111,3
greedy_ucb_s0-60-1,greedy_ucb_s0-60-1_init=benchmark_coop=partial_beta=0.25,42,45,48.20088888888889,8
greedy_ucb_s0-60-1,greedy_ucb_s0-60-1_prior=demand_known_coop=partial_beta=0.75,42,45,48.20088888888889,6
greedy_ucb_s0-60-1,greedy_ucb_s0-60-1_init=benchmark_prior=demand_known_coop=partial_beta=0.25,42,45,48.20088888888889,8
greedy_ucb_s0-60-1,greedy_ucb_s0-60-1_prior=demand_known_coop=partial_beta=0.5,42,45,48.20088888888889,7
greedy_ucb_s0-60-1,greedy_ucb_s0-60-1_init=benchmark_coop=partial_beta=0.5,42,45,48.20088888888889,7
greedy_ucb_s0-60-1,greedy_ucb_s0-60-1_init=benchmark_prior=demand_known_coop=partial_beta=0.5,42,45,48.20088888888889,7
greedy_ucb_s0-60-1,greedy_ucb_s0-60-1_coop=partial_beta=0.75,42,45,48.20088888888889,6
greedy_ucb_s0-60-1,greedy_ucb_s0-60-1_prior=demand_known_coop=partial_beta=0.25,42,45,48.20088888888889,8
greedy_ucb_s0-60-1,greedy_ucb_s0-60-1_init=benchmark_coop=partial_beta=0.75,42,45,48.20088888888889,6
greedy_ucb_s0-80-1,greedy_ucb_s0-80-1_init=benchmark_prior=demand_known_coop=partial_beta=0.5,42,45,48.20088888888889,3
greedy_ucb_s0-80-1,greedy_ucb_s0-80-1_coop=partial_beta=0.25,42,45,48.20088888888889,7
greedy_ucb_s0-60-1,greedy_ucb_s0-60-1_init=benchmark_prior=demand_known_coop=partial_beta=0.75,42,45,48.20088888888889,6
greedy_ucb_s0-80-1,greedy_ucb_s0-80-1_init=benchmark_prior=demand_known_coop=partial_beta=0.25,42,45,48.20088888888889,7
greedy_ucb_s0-80-1,greedy_ucb_s0-80-1_init=benchmark_coop=partial_beta=0.25,42,45,48.20088888888889,7
greedy_ucb_s0-80-1,greedy_ucb_s0-80-1_coop=partial_beta=0.5,42,45,48.20088888888889,3
greedy_ucb_s0-80-1,greedy_ucb_s0-80-1_init=benchmark_coop=partial_beta=0.5,42,45,48.20088888888889,3
greedy_ucb_s0-80-1,greedy_ucb_s0-80-1_coop=partial_beta=0.75,42,45,48.20088888888889,3
greedy_thompson_s0-40-1,greedy_thompson_s0-40-1_coop=partial_beta=0.25,40,40,51.72111111111111,6
greedy_ucb_s0-80-1,greedy_ucb_s0-80-1_init=benchmark_coop=partial_beta=0.75,42,45,48.20088888888889,3
greedy_ucb_s0-80-1,greedy_ucb_s0-80-1_prior=demand_known_coop=partial_beta=0.25,42,45,48.20088888888889,7
greedy_thompson_s0-40-1,greedy_thompson_s0-40-1_prior=demand_known_coop=partial_beta=0.25,40,40,51.72111111111111,6
greedy_thompson_s0-40-1,greedy_thompson_s0-40-1_init=benchmark_prior=demand_known_coop=partial_beta=0.25,40,40,51.72111111111111,6
greedy_thompson_s0-40-1,greedy_thompson_s0-40-1_init=benchmark_coop=partial_beta=0.25,40,40,51.72111111111111,6
greedy_ucb_s0-80-1,greedy_ucb_s0-80-1_prior=demand_known_coop=partial_beta=0.5,42,45,48.20088888888889,3
greedy_thompson_s0-40-1,greedy_thompson_s0-40-1_coop=partial_beta=0.5,40,40,51.72111111111111,4
greedy_thompson_s0-40-1,greedy_thompson_s0-40-1_coop=partial_beta=0.75,40,40,51.72111111111111,3
greedy_thompson_s0-40-1,greedy_thompson_s0-40-1_prior=demand_known_coop=partial_beta=0.75,40,40,51.72111111111111,3
greedy_thompson_s0-40-1,greedy_thompson_s0-40-1_init=benchmark_coop=partial_beta=0.5,40,40,51.72111111111111,4
greedy_thompson_s0-40-1,greedy_thompson_s0-40-1_init=benchmark_prior=demand_known_coop=partial_beta=0.5,40,40,51.72111111111111,4
greedy_thompson_s0-40-1,greedy_thompson_s0-40-1_init=benchmark_coop=partial_beta=0.75,40,40,51.72111111111111,3
greedy_ucb_s0-80-1,greedy_ucb_s0-80-1_prior=demand_known_coop=partial_beta=0.75,42,45,48.20088888888889,3
greedy_ucb_s0-80-1,greedy_ucb_s0-80-1_init=benchmark_prior=demand_known_coop=partial_beta=0.75,42,45,48.20088888888889,3
greedy_thompson_s0-40-1,greedy_thompson_s0-40-1_prior=demand_known_coop=partial_beta=0.5,40,40,51.72111111111111,4
greedy_thompson_s0-40-1,greedy_thompson_s0-40-1_init=benchmark_prior=demand_known_coop=partial_beta=0.75,40,40,51.72111111111111,3
greedy_thompson_s0-60-1,greedy_thompson_s0-60-1_init=benchmark_coop=partial_beta=0.25,42,45,48.20088888888889,8
greedy_thompson_s0-60-1,greedy_thompson_s0-60-1_coop=partial_beta=0.25,42,45,48.20088888888889,8
greedy_thompson_s0-60-1,greedy_thompson_s0-60-1_init=benchmark_coop=partial_beta=0.5,42,45,48.20088888888889,7
greedy_thompson_s0-60-1,greedy_thompson_s0-60-1_init=benchmark_prior=demand_known_coop=partial_beta=0.5,42,45,48.20088888888889,7
greedy_thompson_s0-60-1,greedy_thompson_s0-60-1_coop=partial_beta=0.75,42,45,48.20088888888889,6
greedy_thompson_s0-60-1,greedy_thompson_s0-60-1_init=benchmark_coop=partial_beta=0.75,42,45,48.20088888888889,6
greedy_thompson_s0-60-1,greedy_thompson_s0-60-1_prior=demand_known_coop=partial_beta=0.25,42,45,48.20088888888889,8
greedy_thompson_s0-60-1,greedy_thompson_s0-60-1_coop=partial_beta=0.5,42,45,48.20088888888889,7
greedy_thompson_s0-60-1,greedy_thompson_s0-60-1_init=benchmark_prior=demand_known_coop=partial_beta=0.25,42,45,48.20088888888889,8
greedy_thompson_s0-80-1,greedy_thompson_s0-80-1_coop=partial_beta=0.25,42,45,48.20088888888889,7
greedy_thompson_s0-60-1,greedy_thompson_s0-60-1_prior=demand_known_coop=partial_beta=0.5,42,45,48.20088888888889,7
greedy_thompson_s0-60-1,greedy_thompson_s0-60-1_init=benchmark_prior=demand_known_coop=partial_beta=0.75,42,45,48.20088888888889,6
greedy_thompson_s0-80-1,greedy_thompson_s0-80-1_init=benchmark_prior=demand_known_coop=partial_beta=0.25,42,45,48.20088888888889,7
greedy_thompson_s0-60-1,greedy_thompson_s0-60-1_prior=demand_known_coop=partial_beta=0.75,42,45,48.20088888888889,6
greedy_thompson_s0-80-1,greedy_thompson_s0-80-1_init=benchmark_coop=partial_beta=0.25,42,45,48.20088888888889,7
greedy_thompson_s0-80-1,greedy_thompson_s0-80-1_coop=partial_beta=0.75,42,45,48.20088888888889,3
greedy_thompson_s0-80-1,greedy_thompson_s0-80-1_init=benchmark_coop=partial_beta=0.75,42,45,48.20088888888889,3
greedy_thompson_s0-80-1,greedy_thompson_s0-80-1_coop=partial_beta=0.5,42,45,48.20088888888889,3
greedy_exp3_s0-40-1,greedy_exp3_s0-40-1_coop=partial_beta=0.25,40,40,51.72111111111111,6
greedy_exp3_s0-40-1,greedy_exp3_s0-40-1_init=benchmark_coop=partial_beta=0.25,40,40,51.72111111111111,6
greedy_thompson_s0-80-1,greedy_thompson_s0-80-1_init=benchmark_coop=partial_beta=0.5,42,45,48.20088888888889,3
greedy_exp3_s0-40-1,greedy_exp3_s0-40-1_coop=partial_beta=0.5,40,40,51.72111111111111,4
greedy_thompson_s0-80-1,greedy_thompson_s0-80-1_init=benchmark_prior=demand_known_coop=partial_beta=0.5,42,45,48.20088888888889,3
greedy_thompson_s0-80-1,greedy_thompson_s0-80-1_prior=demand_known_coop=partial_beta=0.25,42,45,48.20088888888889,7
greedy_exp3_s0-40-1,greedy_exp3_s0-40-1_prior=demand_known_coop=partial_beta=0.5,40,40,51.72111111111111,4
greedy_exp3_s0-40-1,greedy_exp3_s0-40-1_init=benchmark_prior=demand_known_coop=partial_beta=0.25,40,40,51.72111111111111,6
greedy_exp3_s0-40-1,greedy_exp3_s0-40-1_init=benchmark_prior=demand_known_coop=partial_beta=0.5,40,40,51.72111111111111,4
greedy_exp3_s0-40-1,greedy_exp3_s0-40-1_init=benchmark_coop=partial_beta=0.5,40,40,51.72111111111111,4
greedy_exp3_s0-40-1,greedy_exp3_s0-40-1_coop=partial_beta=0.75,40,40,51.72111111111111,3
greedy_exp3_s0-40-1,greedy_exp3_s0-40-1_prior=demand_known_coop=partial_beta=0.25,40,40,51.72111111111111,6
greedy_exp3_s0-40-1,greedy_exp3_s0-40-1_init=benchmark_coop=partial_beta=0.75,40,40,51.72111111111111,3
greedy_exp3_s0-40-1,greedy_exp3_s0-40-1_init=benchmark_prior=demand_known_coop=partial_beta=0.75,40,40,51.72111111111111,3
greedy_exp3_s0-60-1,greedy_exp3_s0-60-1_init=benchmark_coop=partial_beta=0.25,42,45,48.20088888888889,8
greedy_exp3_s0-60-1,greedy_exp3_s0-60-1_prior=demand_known_coop=partial_beta=0.5,42,45,48.20088888888889,7
greedy_thompson_s0-80-1,greedy_thompson_s0-80-1_prior=demand_known_coop=partial_beta=0.5,42,45,48.20088888888889,3
greedy_exp3_s0-40-1,greedy_exp3_s0-40-1_prior=demand_known_coop=partial_beta=0.75,40,40,51.72111111111111,3
greedy_exp3_s0-60-1,greedy_exp3_s0-60-1_coop=partial_beta=0.25,42,45,48.20088888888889,8
greedy_exp3_s0-60-1,greedy_exp3_s0-60-1_init=benchmark_prior=demand_known_coop=partial_beta=0.5,42,45,48.20088888888889,7
greedy_exp3_s0-60-1,greedy_exp3_s0-60-1_init=benchmark_prior=demand_known_coop=partial_beta=0.25,42,45,48.20088888888889,8
greedy_thompson_s0-80-1,greedy_thompson_s0-80-1_prior=demand_known_coop=partial_beta=0.75,42,45,48.20088888888889,3
greedy_exp3_s0-60-1,greedy_exp3_s0-60-1_init=benchmark_coop=partial_beta=0.75,42,45,48.20088888888889,6
greedy_exp3_s0-60-1,greedy_exp3_s0-60-1_init=benchmark_coop=partial_beta=0.5,42,45,48.20088888888889,7
greedy_exp3_s0-60-1,greedy_exp3_s0-60-1_coop=partial_beta=0.5,42,45,48.20088888888889,7
greedy_exp3_s0-60-1,greedy_exp3_s0-60-1_prior=demand_known_coop=partial_beta=0.75,42,45,48.20088888888889,6
greedy_exp3_s0-80-1,greedy_exp3_s0-80-1_init=benchmark_coop=partial_beta=0.25,42,45,48.20088888888889,7
greedy_exp3_s0-80-1,greedy_exp3_s0-80-1_prior=demand_known_coop=partial_beta=0.25,42,45,48.20088888888889,7
greedy_thompson_s0-80-1,greedy_thompson_s0-80-1_init=benchmark_prior=demand_known_coop=partial_beta=0.75,42,45,48.20088888888889,3
greedy_exp3_s0-80-1,greedy_exp3_s0-80-1_coop=partial_beta=0.5,42,45,48.20088888888889,3
greedy_exp3_s0-60-1,greedy_exp3_s0-60-1_prior=demand_known_coop=partial_beta=0.25,42,45,48.20088888888889,8
greedy_exp3_s0-80-1,greedy_exp3_s0-80-1_init=benchmark_coop=partial_beta=0.5,42,45,48.20088888888889,3
greedy_exp3_s0-60-1,greedy_exp3_s0-60-1_coop=partial_beta=0.75,42,45,48.20088888888889,6
greedy_exp3_s0-80-1,greedy_exp3_s0-80-1_prior=demand_known_coop=partial_beta=0.5,42,45,48.20088888888889,3
greedy_exp3_s0-80-1,greedy_exp3_s0-80-1_coop=partial_beta=0.75,42,45,48.20088888888889,3
greedy_exp3_s0-80-1,greedy_exp3_s0-80-1_init=benchmark_coop=partial_beta=0.75,42,45,48.20088888888889,3
greedy_exp3_s0-60-1,greedy_exp3_s0-60-1_init=benchmark_prior=demand_known_coop=partial_beta=0.75,42,45,48.20088888888889,6
greedy_exp3_s0-80-1,greedy_exp3_s0-80-1_prior=demand_known_coop=partial_beta=0.75,42,45,48.20088888888889,3
greedy_exp3_s0-80-1,greedy_exp3_s0-80-1_init=benchmark_prior=demand_known_coop=partial_beta=0.75,42,45,48.20088888888889,3
greedy_etc_s0-40-1,greedy_etc_s0-40-1_coop=partial_beta=0.25,40,40,51.72111111111111,6
greedy_etc_s0-40-1,greedy_etc_s0-40-1_prior=demand_known_coop=partial_beta=0.25,40,40,51.72111111111111,6
greedy_etc_s0-40-1,greedy_etc_s0-40-1_coop=partial_beta=0.5,40,40,51.72111111111111,4
greedy_etc_s0-40-1,greedy_etc_s0-40-1_prior=demand_known_coop=partial_beta=0.5,40,40,51.72111111111111,4
greedy_exp3_s0-80-1,greedy_exp3_s0-80-1_init=benchmark_prior=demand_known_coop=partial_beta=0.25,42,45,48.20088888888889,7
greedy_etc_s0-40-1,greedy_etc_s0-40-1_init=benchmark_coop=partial_beta=0.25,40,40,51.72111111111111,6
greedy_etc_s0-40-1,greedy_etc_s0-40-1_coop=partial_beta=0.75,40,40,51.72111111111111,3
greedy_etc_s0-40-1,greedy_etc_s0-40-1_init=benchmark_coop=partial_beta=0.75,40,40,51.72111111111111,3
greedy_etc_s0-40-1,greedy_etc_s0-40-1_prior=demand_known_coop=partial_beta=0.75,40,40,51.72111111111111,3
greedy_etc_s0-40-1,greedy_etc_s0-40-1_init=benchmark_coop=partial_beta=0.5,40,40,51.72111111111111,4
greedy_etc_s0-40-1,greedy_etc_s0-40-1_init=benchmark_prior=demand_known_coop=partial_beta=0.75,40,40,51.72111111111111,3
greedy_exp3_s0-80-1,greedy_exp3_s0-80-1_coop=partial_beta=0.25,42,45,48.20088888888889,7
greedy_etc_s0-60-1,greedy_etc_s0-60-1_coop=partial_beta=0.25,42,45,48.20088888888889,8
greedy_etc_s0-40-1,greedy_etc_s0-40-1_init=benchmark_prior=demand_known_coop=partial_beta=0.25,40,40,51.72111111111111,6
greedy_etc_s0-60-1,greedy_etc_s0-60-1_init=benchmark_coop=partial_beta=0.25,42,45,48.20088888888889,8
greedy_etc_s0-40-1,greedy_etc_s0-40-1_init=benchmark_prior=demand_known_coop=partial_beta=0.5,40,40,51.72111111111111,4
greedy_etc_s0-60-1,greedy_etc_s0-60-1_coop=partial_beta=0.5,42,45,48.20088888888889,7
greedy_exp3_s0-80-1,greedy_exp3_s0-80-1_init=benchmark_prior=demand_known_coop=partial_beta=0.5,42,45,48.20088888888889,3
greedy_etc_s0-60-1,greedy_etc_s0-60-1_prior=demand_known_coop=partial_beta=0.5,42,45,48.20088888888889,7
greedy_etc_s0-60-1,greedy_etc_s0-60-1_init=benchmark_coop=partial_beta=0.5,42,45,48.20088888888889,7
greedy_etc_s0-60-1,greedy_etc_s0-60-1_coop=partial_beta=0.75,42,45,48.20088888888889,6
greedy_etc_s0-60-1,greedy_etc_s0-60-1_init=benchmark_coop=partial_beta=0.75,42,45,48.20088888888889,6
greedy_etc_s0-80-1,greedy_etc_s0-80-1_coop=partial_beta=0.25,42,45,48.20088888888889,7
greedy_etc_s0-80-1,greedy_etc_s0-80-1_init=benchmark_coop=partial_beta=0.25,42,45,48.20088888888889,7
greedy_etc_s0-80-1,greedy_etc_s0-80-1_init=benchmark_prior=demand_known_coop=partial_beta=0.25,42,45,48.20088888888889,7
greedy_etc_s0-80-1,greedy_etc_s0-80-1_prior=demand_known_coop=partial_beta=0.25,42,45,48.20088888888889,7
greedy_etc_s0-80-1,greedy_etc_s0-80-1_coop=partial_beta=0.5,42,45,48.20088888888889,3
greedy_etc_s0-80-1,greedy_etc_s0-80-1_init=benchmark_coop=partial_beta=0.5,42,45,48.20088888888889,3
greedy_etc_s0-80-1,greedy_etc_s0-80-1_prior=demand_known_coop=partial_beta=0.5,42,45,48.20088888888889,3
greedy_etc_s0-80-1,greedy_etc_s0-80-1_coop=partial_beta=0.75,42,45,48.20088888888889,3
greedy_etc_s0-60-1,greedy_etc_s0-60-1_prior=demand_known_coop=partial_beta=0.25,42,45,48.20088888888889,8
greedy_etc_s0-60-1,greedy_etc_s0-60-1_init=benchmark_prior=demand_known_coop=partial_beta=0.25,42,45,48.20088888888889,8
greedy_etc_s0-80-1,greedy_etc_s0-80-1_init=benchmark_coop=partial_beta=0.75,42,45,48.20088888888889,3
greedy_etc_s0-80-1,greedy_etc_s0-80-1_init=benchmark_prior=demand_known_coop=partial_beta=0.5,42,45,48.20088888888889,3
greedy_etc_s0-60-1,greedy_etc_s0-60-1_prior=demand_known_coop=partial_beta=0.75,42,45,48.20088888888889,6
ucb_greedy_s0-40-1,ucb_greedy_s0-40-1_coop=partial_beta=0.25,40,40,51.72111111111111,6
ucb_greedy_s0-40-1,ucb_greedy_s0-40-1_init=benchmark_prior=demand_known_coop=partial_beta=0.25,40,40,51.72111111111111,6
ucb_greedy_s0-40-1,ucb_greedy_s0-40-1_init=benchmark_coop=partial_beta=0.25,40,40,51.72111111111111,6
ucb_greedy_s0-40-1,ucb_greedy_s0-40-1_coop=partial_beta=0.5,40,40,51.72111111111111,4
ucb_greedy_s0-40-1,ucb_greedy_s0-40-1_init=benchmark_coop=partial_beta=0.5,40,40,51.72111111111111,4
ucb_greedy_s0-40-1,ucb_greedy_s0-40-1_coop=partial_beta=0.75,40,40,51.72111111111111,3
greedy_etc_s0-60-1,greedy_etc_s0-60-1_init=benchmark_prior=demand_known_coop=partial_beta=0.5,42,45,48.20088888888889,7
ucb_greedy_s0-40-1,ucb_greedy_s0-40-1_prior=demand_known_coop=partial_beta=0.25,40,40,51.72111111111111,6
greedy_etc_s0-60-1,greedy_etc_s0-60-1_init=benchmark_prior=demand_known_coop=partial_beta=0.75,42,45,48.20088888888889,6
greedy_etc_s0-80-1,greedy_etc_s0-80-1_prior=demand_known_coop=partial_beta=0.75,42,45,48.20088888888889,3
ucb_greedy_s0-40-1,ucb_greedy_s0-40-1_init=benchmark_coop=partial_beta=0.75,40,40,51.72111111111111,3
greedy_etc_s0-80-1,greedy_etc_s0-80-1_init=benchmark_prior=demand_known_coop=partial_beta=0.75,42,45,48.20088888888889,3
ucb_greedy_s0-40-1,ucb_greedy_s0-40-1_init=benchmark_prior=demand_known_coop=partial_beta=0.75,40,40,51.72111111111111,3
ucb_greedy_s0-60-1,ucb_greedy_s0-60-1_coop=partial_beta=0.25,42,45,48.20088888888889,8
ucb_greedy_s0-40-1,ucb_greedy_s0-40-1_prior=demand_known_coop=partial_beta=0.5,40,40,51.72111111111111,4
ucb_greedy_s0-60-1,ucb_greedy_s0-60-1_init=benchmark_coop=partial_beta=0.25,42,45,48.20088888888889,8
ucb_greedy_s0-60-1,ucb_greedy_s0-60-1_init=benchmark_prior=demand_known_coop=partial_beta=0.25,42,45,48.20088888888889,8
ucb_greedy_s0-60-1,ucb_greedy_s0-60-1_coop=partial_beta=0.5,42,45,48.20088888888889,7
ucb_greedy_s0-60-1,ucb_greedy_s0-60-1_prior=demand_known_coop=partial_beta=0.25,42,45,48.20088888888889,8
ucb_greedy_s0-60-1,ucb_greedy_s0-60-1_prior=demand_known_coop=partial_beta=0.5,42,45,48.20088888888889,7
ucb_greedy_s0-60-1,ucb_greedy_s0-60-1_init=benchmark_coop=partial_beta=0.5,42,45,48.20088888888889,7
ucb_greedy_s0-40-1,ucb_greedy_s0-40-1_init=benchmark_prior=demand_known_coop=partial_beta=0.5,40,40,51.72111111111111,4
ucb_greedy_s0-60-1,ucb_greedy_s0-60-1_init=benchmark_prior=demand_known_coop=partial_beta=0.5,42,45,48.20088888888889,7
ucb_greedy_s0-60-1,ucb_greedy_s0-60-1_init=benchmark_coop=partial_beta=0.75,42,45,48.20088888888889,6
ucb_greedy_s0-60-1,ucb_greedy_s0-60-1_prior=demand_known_coop=partial_beta=0.75,42,45,48.20088888888889,6
ucb_greedy_s0-80-1,ucb_greedy_s0-80-1_coop=partial_beta=0.25,42,45,48.20088888888889,7
ucb_greedy_s0-40-1,ucb_greedy_s0-40-1_prior=demand_known_coop=partial_beta=0.75,40,40,51.72111111111111,3
ucb_greedy_s0-60-1,ucb_greedy_s0-60-1_coop=partial_beta=0.75,42,45,48.20088888888889,6
ucb_greedy_s0-80-1,ucb_greedy_s0-80-1_coop=partial_beta=0.5,42,45,48.20088888888889,3
ucb_greedy_s0-80-1,ucb_greedy_s0-80-1_init=benchmark_prior=demand_known_coop=partial_beta=0.5,42,45,48.20088888888889,3
ucb_greedy_s0-80-1,ucb_greedy_s0-80-1_prior=demand_known_coop=partial_beta=0.5,42,45,48.20088888888889,3
ucb_greedy_s0-80-1,ucb_greedy_s0-80-1_coop=partial_beta=0.75,42,45,48.20088888888889,3
ucb_greedy_s0-80-1,ucb_greedy_s0-80-1_init=benchmark_coop=partial_beta=0.75,42,45,48.20088888888889,3
ucb_greedy_s0-80-1,ucb_greedy_s0-80-1_prior=demand_known_coop=partial_beta=0.75,42,45,48.20088888888889,3
ucb_greedy_s0-60-1,ucb_greedy_s0-60-1_init=benchmark_prior=demand_known_coop=partial_beta=0.75,42,45,48.20088888888889,6
ucb_greedy_s0-80-1,ucb_greedy_s0-80-1_init=benchmark_prior=demand_known_coop=partial_beta=0.75,42,45,48.20088888888889,3
ucb_greedy_s0-80-1,ucb_greedy_s0-80-1_init=benchmark_prior=demand_known_coop=partial_beta=0.25,42,45,48.20088888888889,7
ucb_greedy_s0-80-1,ucb_greedy_s0-80-1_init=benchmark_coop=partial_beta=0.25,42,45,48.20088888888889,7
ucb_ucb_s0-40-1,ucb_ucb_s0-40-1_prior=demand_known_coop=partial_beta=0.25,40,40,51.72111111111111,6
ucb_ucb_s0-40-1,ucb_ucb_s0-40-1_init=benchmark_coop=partial_beta=0.25,40,40,51.72111111111111,6
ucb_greedy_s0-80-1,ucb_greedy_s0-80-1_init=benchmark_coop=partial_beta=0.5,42,45,48.20088888888889,3
ucb_greedy_s0-80-1,ucb_greedy_s0-80-1_prior=demand_known_coop=partial_beta=0.25,42,45,48.20088888888889,7
ucb_ucb_s0-40-1,ucb_ucb_s0-40-1_coop=partial_beta=0.5,40,40,51.72111111111111,4
ucb_ucb_s0-40-1,ucb_ucb_s0-40-1_coop=partial_beta=0.25,40,40,51.72111111111111,6
ucb_ucb_s0-40-1,ucb_ucb_s0-40-1_prior=demand_known_coop=partial_beta=0.5,40,40,51.72111111111111,4
ucb_ucb_s0-40-1,ucb_ucb_s0-40-1_init=benchmark_coop=partial_beta=0.5,40,40,51.72111111111111,4
ucb_ucb_s0-40-1,ucb_ucb_s0-40-1_coop=partial_beta=0.75,40,40,51.72111111111111,3
ucb_ucb_s0-40-1,ucb_ucb_s0-40-1_init=benchmark_coop=partial_beta=0.75,40,40,51.72111111111111,3
ucb_ucb_s0-40-1,ucb_ucb_s0-40-1_prior=demand_known_coop=partial_beta=0.75,40,40,51.72111111111111,3
ucb_ucb_s0-40-1,ucb_ucb_s0-40-1_init=benchmark_prior=demand_known_coop=partial_beta=0.25,40,40,51.72111111111111,6
ucb_ucb_s0-60-1,ucb_ucb_s0-60-1_coop=partial_beta=0.25,42,45,48.20088888888889,8
ucb_ucb_s0-60-1,ucb_ucb_s0-60-1_prior=demand_known_coop=partial_beta=0.25,42,45,48.20088888888889,8
ucb_ucb_s0-60-1,ucb_ucb_s0-60-1_init=benchmark_prior=demand_known_coop=partial_beta=0.25,42,45,48.20088888888889,8
ucb_ucb_s0-60-1,ucb_ucb_s0-60-1_coop=partial_beta=0.5,42,45,48.20088888888889,7
ucb_ucb_s0-40-1,ucb_ucb_s0-40-1_init=benchmark_prior=demand_known_coop=partial_beta=0.5,40,40,51.72111111111111,4
ucb_ucb_s0-60-1,ucb_ucb_s0-60-1_init=benchmark_coop=partial_beta=0.5,42,45,48.20088888888889,7
ucb_ucb_s0-60-1,ucb_ucb_s0-60-1_init=benchmark_coop=partial_beta=0.25,42,45,48.20088888888889,8
ucb_ucb_s0-60-1,ucb_ucb_s0-60-1_prior=demand_known_coop=partial_beta=0.5,42,45,48.20088888888889,7
ucb_ucb_s0-40-1,ucb_ucb_s0-40-1_init=benchmark_prior=demand_known_coop=partial_beta=0.75,40,40,51.72111111111111,3
ucb_ucb_s0-60-1,ucb_ucb_s0-60-1_init=benchmark_prior=demand_known_coop=partial_beta=0.5,42,45,48.20088888888889,7
ucb_ucb_s0-60-1,ucb_ucb_s0-60-1_coop=partial_beta=0.75,42,45,48.20088888888889,6
ucb_ucb_s0-60-1,ucb_ucb_s0-60-1_prior=demand_known_coop=partial_beta=0.75,42,45,48.20088888888889,6
ucb_ucb_s0-60-1,ucb_ucb_s0-60-1_init=benchmark_coop=partial_beta=0.75,42,45,48.20088888888889,6
ucb_ucb_s0-80-1,ucb_ucb_s0-80-1_init=benchmark_coop=partial_beta=0.25,42,45,48.20088888888889,7
ucb_ucb_s0-80-1,ucb_ucb_s0-80-1_coop=partial_beta=0.25,42,45,48.20088888888889,7
ucb_ucb_s0-60-1,ucb_ucb_s0-60-1_init=benchmark_prior=demand_known_coop=partial_beta=0.75,42,45,48.20088888888889,6
ucb_ucb_s0-80-1,ucb_ucb_s0-80-1_prior=demand_known_coop=partial_beta=0.25,42,45,48.20088888888889,7
ucb_ucb_s0-80-1,ucb_ucb_s0-80-1_init=benchmark_coop=partial_beta=0.5,42,45,48.20088888888889,3
ucb_ucb_s0-80-1,ucb_ucb_s0-80-1_prior=demand_known_coop=partial_beta=0.5,42,45,48.20088888888889,3
ucb_ucb_s0-80-1,ucb_ucb_s0-80-1_coop=partial_beta=0.75,42,45,48.20088888888889,3
ucb_ucb_s0-80-1,ucb_ucb_s0-80-1_init=benchmark_prior=demand_known_coop=partial_beta=0.5,42,45,48.20088888888889,3
ucb_ucb_s0-80-1,ucb_ucb_s0-80-1_init=benchmark_coop=partial_beta=0.75,42,45,48.20088888888889,3
ucb_ucb_s0-80-1,ucb_ucb_s0-80-1_coop=partial_beta=0.5,42,45,48.20088888888889,3
ucb_ucb_s0-80-1,ucb_ucb_s0-80-1_prior=demand_known_coop=partial_beta=0.75,42,45,48.20088888888889,3
ucb_thompson_s0-40-1,ucb_thompson_s0-40-1_coop=partial_beta=0.25,40,40,51.72111111111111,6
ucb_ucb_s0-80-1,ucb_ucb_s0-80-1_init=benchmark_prior=demand_known_coop=partial_beta=0.25,42,45,48.20088888888889,7
ucb_thompson_s0-40-1,ucb_thompson_s0-40-1_init=benchmark_coop=partial_beta=0.25,40,40,51.72111111111111,6
ucb_thompson_s0-40-1,ucb_thompson_s0-40-1_prior=demand_known_coop=partial_beta=0.25,40,40,51.72111111111111,6
ucb_thompson_s0-40-1,ucb_thompson_s0-40-1_coop=partial_beta=0.5,40,40,51.72111111111111,4
ucb_thompson_s0-40-1,ucb_thompson_s0-40-1_init=benchmark_prior=demand_known_coop=partial_beta=0.25,40,40,51.72111111111111,6
ucb_ucb_s0-80-1,ucb_ucb_s0-80-1_init=benchmark_prior=demand_known_coop=partial_beta=0.75,42,45,48.20088888888889,3
ucb_thompson_s0-40-1,ucb_thompson_s0-40-1_prior=demand_known_coop=partial_beta=0.5,40,40,51.72111111111111,4
ucb_thompson_s0-40-1,ucb_thompson_s0-40-1_init=benchmark_prior=demand_known_coop=partial_beta=0.5,40,40,51.72111111111111,4
ucb_thompson_s0-40-1,ucb_thompson_s0-40-1_init=benchmark_coop=partial_beta=0.5,40,40,51.72111111111111,4
ucb_thompson_s0-40-1,ucb_thompson_s0-40-1_init=benchmark_coop=partial_beta=0.75,40,40,51.72111111111111,3
ucb_thompson_s0-40-1,ucb_thompson_s0-40-1_coop=partial_beta=0.75,40,40,51.72111111111111,3
ucb_thompson_s0-40-1,ucb_thompson_s0-40-1_init=benchmark_prior=demand_known_coop=partial_beta=0.75,40,40,51.72111111111111,3
ucb_thompson_s0-40-1,ucb_thompson_s0-40-1_prior=demand_known_coop=partial_beta=0.75,40,40,51.72111111111111,3
ucb_thompson_s0-60-1,ucb_thompson_s0-60-1_coop=partial_beta=0.25,42,45,48.20088888888889,8
ucb_thompson_s0-60-1,ucb_thompson_s0-60-1_init=benchmark_coop=partial_beta=0.25,42,45,48.20088888888889,8
ucb_thompson_s0-60-1,ucb_thompson_s0-60-1_init=benchmark_prior=demand_known_coop=partial_beta=0.25,42,45,48.20088888888889,8
ucb_thompson_s0-60-1,ucb_thompson_s0-60-1_prior=demand_known_coop=partial_beta=0.25,42,45,48.20088888888889,8
ucb_thompson_s0-60-1,ucb_thompson_s0-60-1_coop=partial_beta=0.5,42,45,48.20088888888889,7
ucb_thompson_s0-60-1,ucb_thompson_s0-60-1_init=benchmark_coop=partial_beta=0.5,42,45,48.20088888888889,7
ucb_thompson_s0-60-1,ucb_thompson_s0-60-1_prior=demand_known_coop=partial_beta=0.5,42,45,48.20088888888889,7
ucb_thompson_s0-60-1,ucb_thompson_s0-60-1_coop=partial_beta=0.75,42,45,48.20088888888889,6
ucb_thompson_s0-60-1,ucb_thompson_s0-60-1_init=benchmark_coop=partial_beta=0.75,42,45,48.20088888888889,6
ucb_thompson_s0-60-1,ucb_thompson_s0-60-1_prior=demand_known_coop=partial_beta=0.75,42,45,48.20088888888889,6
ucb_thompson_s0-60-1,ucb_thompson_s0-60-1_init=benchmark_prior=demand_known_coop=partial_beta=0.75,42,45,48.20088888888889,6
ucb_thompson_s0-60-1,ucb_thompson_s0-60-1_init=benchmark_prior=demand_known_coop=partial_beta=0.5,42,45,48.20088888888889,7
ucb_thompson_s0-80-1,ucb_thompson_s0-80-1_coop=partial_beta=0.25,42,45,48.20088888888889,7
ucb_thompson_s0-80-1,ucb_thompson_s0-80-1_init=benchmark_coop=partial_beta=0.25,42,45,48.20088888888889,7
ucb_thompson_s0-80-1,ucb_thompson_s0-80-1_init=benchmark_prior=demand_known_coop=partial_beta=0.25,42,45,48.20088888888889,7
ucb_thompson_s0-80-1,ucb_thompson_s0-80-1_coop=partial_beta=0.5,42,45,48.20088888888889,3
ucb_exp3_s0-40-1,ucb_exp3_s0-40-1_coop=partial_beta=0.25,40,40,51.72111111111111,6
ucb_thompson_s0-80-1,ucb_thompson_s0-80-1_init=benchmark_coop=partial_beta=0.5,42,45,48.20088888888889,3
ucb_thompson_s0-80-1,ucb_thompson_s0-80-1_prior=demand_known_coop=partial_beta=0.5,42,45,48.20088888888889,3
ucb_exp3_s0-40-1,ucb_exp3_s0-40-1_init=benchmark_coop=partial_beta=0.25,40,40,51.72111111111111,6
ucb_thompson_s0-80-1,ucb_thompson_s0-80-1_prior=demand_known_coop=partial_beta=0.25,42,45,48.20088888888889,7
ucb_exp3_s0-40-1,ucb_exp3_s0-40-1_prior=demand_known_coop=partial_beta=0.25,40,40,51.72111111111111,6
ucb_exp3_s0-40-1,ucb_exp3_s0-40-1_init=benchmark_prior=demand_known_coop=partial_beta=0.25,40,40,51.72111111111111,6
ucb_thompson_s0-80-1,ucb_thompson_s0-80-1_coop=partial_beta=0.75,42,45,48.20088888888889,3
ucb_thompson_s0-80-1,ucb_thompson_s0-80-1_init=benchmark_prior=demand_known_coop=partial_beta=0.5,42,45,48.20088888888889,3
ucb_exp3_s0-40-1,ucb_exp3_s0-40-1_coop=partial_beta=0.5,40,40,51.72111111111111,4
ucb_exp3_s0-40-1,ucb_exp3_s0-40-1_init=benchmark_coop=partial_beta=0.5,40,40,51.72111111111111,4
ucb_thompson_s0-80-1,ucb_thompson_s0-80-1_init=benchmark_coop=partial_beta=0.75,42,45,48.20088888888889,3
ucb_thompson_s0-80-1,ucb_thompson_s0-80-1_prior=demand_known_coop=partial_beta=0.75,42,45,48.20088888888889,3
ucb_exp3_s0-40-1,ucb_exp3_s0-40-1_prior=demand_known_coop=partial_beta=0.5,40,40,51.72111111111111,4
ucb_thompson_s0-80-1,ucb_thompson_s0-80-1_init=benchmark_prior=demand_known_coop=partial_beta=0.75,42,45,48.20088888888889,3
ucb_exp3_s0-40-1,ucb_exp3_s0-40-1_init=benchmark_prior=demand_known_coop=partial_beta=0.5,40,40,51.72111111111111,4
ucb_exp3_s0-40-1,ucb_exp3_s0-40-1_coop=partial_beta=0.75,40,40,51.72111111111111,3
ucb_exp3_s0-40-1,ucb_exp3_s0-40-1_init=benchmark_coop=partial_beta=0.75,40,40,51.72111111111111,3
ucb_exp3_s0-40-1,ucb_exp3_s0-40-1_init=benchmark_prior=demand_known_coop=partial_beta=0.75,40,40,51.72111111111111,3
ucb_exp3_s0-60-1,ucb_exp3_s0-60-1_coop=partial_beta=0.25,42,45,48.20088888888889,8
ucb_exp3_s0-60-1,ucb_exp3_s0-60-1_prior=demand_known_coop=partial_beta=0.25,42,45,48.20088888888889,8
ucb_exp3_s0-60-1,ucb_exp3_s0-60-1_init=benchmark_prior=demand_known_coop=partial_beta=0.25,42,45,48.20088888888889,8
ucb_exp3_s0-60-1,ucb_exp3_s0-60-1_init=benchmark_coop=partial_beta=0.25,42,45,48.20088888888889,8
ucb_exp3_s0-60-1,ucb_exp3_s0-60-1_coop=partial_beta=0.5,42,45,48.20088888888889,7
ucb_exp3_s0-60-1,ucb_exp3_s0-60-1_init=benchmark_coop=partial_beta=0.5,42,45,48.20088888888889,7
ucb_exp3_s0-60-1,ucb_exp3_s0-60-1_coop=partial_beta=0.75,42,45,48.20088888888889,6
ucb_exp3_s0-40-1,ucb_exp3_s0-40-1_prior=demand_known_coop=partial_beta=0.75,40,40,51.72111111111111,3
ucb_exp3_s0-60-1,ucb_exp3_s0-60-1_init=benchmark_prior=demand_known_coop=partial_beta=0.75,42,45,48.20088888888889,6
ucb_exp3_s0-60-1,ucb_exp3_s0-60-1_init=benchmark_coop=partial_beta=0.75,42,45,48.20088888888889,6
ucb_exp3_s0-60-1,ucb_exp3_s0-60-1_prior=demand_known_coop=partial_beta=0.75,42,45,48.20088888888889,6
ucb_exp3_s0-80-1,ucb_exp3_s0-80-1_coop=partial_beta=0.25,42,45,48.20088888888889,7
ucb_exp3_s0-80-1,ucb_exp3_s0-80-1_init=benchmark_coop=partial_beta=0.25,42,45,48.20088888888889,7
ucb_exp3_s0-80-1,ucb_exp3_s0-80-1_prior=demand_known_coop=partial_beta=0.25,42,45,48.20088888888889,7
ucb_exp3_s0-80-1,ucb_exp3_s0-80-1_init=benchmark_prior=demand_known_coop=partial_beta=0.25,42,45,48.20088888888889,7
ucb_exp3_s0-80-1,ucb_exp3_s0-80-1_coop=partial_beta=0.5,42,45,48.20088888888889,3
ucb_exp3_s0-80-1,ucb_exp3_s0-80-1_init=benchmark_coop=partial_beta=0.5,42,45,48.20088888888889,3
ucb_exp3_s0-80-1,ucb_exp3_s0-80-1_init=benchmark_prior=demand_known_coop=partial_beta=0.5,42,45,48.20088888888889,3
ucb_exp3_s0-60-1,ucb_exp3_s0-60-1_prior=demand_known_coop=partial_beta=0.5,42,45,48.20088888888889,7
ucb_exp3_s0-80-1,ucb_exp3_s0-80-1_coop=partial_beta=0.75,42,45,48.20088888888889,3
ucb_exp3_s0-60-1,ucb_exp3_s0-60-1_init=benchmark_prior=demand_known_coop=partial_beta=0.5,42,45,48.20088888888889,7
ucb_exp3_s0-80-1,ucb_exp3_s0-80-1_init=benchmark_coop=partial_beta=0.75,42,45,48.20088888888889,3
ucb_exp3_s0-80-1,ucb_exp3_s0-80-1_prior=demand_known_coop=partial_beta=0.75,42,45,48.20088888888889,3
ucb_etc_s0-40-1,ucb_etc_s0-40-1_coop=partial_beta=0.25,40,40,51.72111111111111,6
ucb_exp3_s0-80-1,ucb_exp3_s0-80-1_init=benchmark_prior=demand_known_coop=partial_beta=0.75,42,45,48.20088888888889,3
ucb_etc_s0-40-1,ucb_etc_s0-40-1_init=benchmark_coop=partial_beta=0.25,40,40,51.72111111111111,6
ucb_etc_s0-40-1,ucb_etc_s0-40-1_prior=demand_known_coop=partial_beta=0.25,40,40,51.72111111111111,6
ucb_etc_s0-40-1,ucb_etc_s0-40-1_coop=partial_beta=0.5,40,40,51.72111111111111,4
ucb_etc_s0-40-1,ucb_etc_s0-40-1_init=benchmark_prior=demand_known_coop=partial_beta=0.25,40,40,51.72111111111111,6
ucb_etc_s0-40-1,ucb_etc_s0-40-1_prior=demand_known_coop=partial_beta=0.5,40,40,51.72111111111111,4
ucb_etc_s0-40-1,ucb_etc_s0-40-1_init=benchmark_prior=demand_known_coop=partial_beta=0.5,40,40,51.72111111111111,4
ucb_etc_s0-40-1,ucb_etc_s0-40-1_init=benchmark_coop=partial_beta=0.5,40,40,51.72111111111111,4
ucb_etc_s0-40-1,ucb_etc_s0-40-1_coop=partial_beta=0.75,40,40,51.72111111111111,3
ucb_etc_s0-40-1,ucb_etc_s0-40-1_init=benchmark_coop=partial_beta=0.75,40,40,51.72111111111111,3
ucb_etc_s0-60-1,ucb_etc_s0-60-1_coop=partial_beta=0.25,42,45,48.20088888888889,8
ucb_etc_s0-40-1,ucb_etc_s0-40-1_prior=demand_known_coop=partial_beta=0.75,40,40,51.72111111111111,3
ucb_etc_s0-40-1,ucb_etc_s0-40-1_init=benchmark_prior=demand_known_coop=partial_beta=0.75,40,40,51.72111111111111,3
ucb_etc_s0-60-1,ucb_etc_s0-60-1_init=benchmark_coop=partial_beta=0.25,42,45,48.20088888888889,8
ucb_etc_s0-60-1,ucb_etc_s0-60-1_coop=partial_beta=0.5,42,45,48.20088888888889,7
ucb_etc_s0-60-1,ucb_etc_s0-60-1_prior=demand_known_coop=partial_beta=0.25,42,45,48.20088888888889,8
ucb_etc_s0-60-1,ucb_etc_s0-60-1_init=benchmark_prior=demand_known_coop=partial_beta=0.25,42,45,48.20088888888889,8
ucb_exp3_s0-80-1,ucb_exp3_s0-80-1_prior=demand_known_coop=partial_beta=0.5,42,45,48.20088888888889,3
ucb_etc_s0-60-1,ucb_etc_s0-60-1_init=benchmark_coop=partial_beta=0.5,42,45,48.20088888888889,7
ucb_etc_s0-60-1,ucb_etc_s0-60-1_init=benchmark_prior=demand_known_coop=partial_beta=0.5,42,45,48.20088888888889,7
ucb_etc_s0-60-1,ucb_etc_s0-60-1_prior=demand_known_coop=partial_beta=0.5,42,45,48.20088888888889,7
ucb_etc_s0-60-1,ucb_etc_s0-60-1_coop=partial_beta=0.75,42,45,48.20088888888889,6
ucb_etc_s0-60-1,ucb_etc_s0-60-1_init=benchmark_coop=partial_beta=0.75,42,45,48.20088888888889,6
ucb_etc_s0-60-1,ucb_etc_s0-60-1_prior=demand_known_coop=partial_beta=0.75,42,45,48.20088888888889,6
ucb_etc_s0-60-1,ucb_etc_s0-60-1_init=benchmark_prior=demand_known_coop=partial_beta=0.75,42,45,48.20088888888889,6
ucb_etc_s0-80-1,ucb_etc_s0-80-1_coop=partial_beta=0.25,42,45,48.20088888888889,7
ucb_etc_s0-80-1,ucb_etc_s0-80-1_init=benchmark_coop=partial_beta=0.25,42,45,48.20088888888889,7
ucb_etc_s0-80-1,ucb_etc_s0-80-1_prior=demand_known_coop=partial_beta=0.25,42,45,48.20088888888889,7
ucb_etc_s0-80-1,ucb_etc_s0-80-1_coop=partial_beta=0.5,42,45,48.20088888888889,3
ucb_etc_s0-80-1,ucb_etc_s0-80-1_init=benchmark_coop=partial_beta=0.5,42,45,48.20088888888889,3
ucb_etc_s0-80-1,ucb_etc_s0-80-1_coop=partial_beta=0.75,42,45,48.20088888888889,3
ucb_etc_s0-80-1,ucb_etc_s0-80-1_init=benchmark_prior=demand_known_coop=partial_beta=0.5,42,45,48.20088888888889,3
ucb_etc_s0-80-1,ucb_etc_s0-80-1_init=benchmark_coop=partial_beta=0.75,42,45,48.20088888888889,3
ucb_etc_s0-80-1,ucb_etc_s0-80-1_prior=demand_known_coop=partial_beta=0.75,42,45,48.20088888888889,3
ucb_etc_s0-80-1,ucb_etc_s0-80-1_init=benchmark_prior=demand_known_coop=partial_beta=0.75,42,45,48.20088888888889,3
ucb_etc_s0-80-1,ucb_etc_s0-80-1_init=benchmark_prior=demand_known_coop=partial_beta=0.25,42,45,48.20088888888889,7
thompson_greedy_s0-40-1,thompson_greedy_s0-40-1_coop=partial_beta=0.25,40,40,51.72111111111111,6
thompson_greedy_s0-40-1,thompson_greedy_s0-40-1_init=benchmark_coop=partial_beta=0.25,40,40,51.72111111111111,6
thompson_greedy_s0-40-1,thompson_greedy_s0-40-1_prior=demand_known_coop=partial_beta=0.25,40,40,51.72111111111111,6
thompson_greedy_s0-40-1,thompson_greedy_s0-40-1_init=benchmark_prior=demand_known_coop=partial_beta=0.25,40,40,51.72111111111111,6
thompson_greedy_s0-40-1,thompson_greedy_s0-40-1_coop=partial_beta=0.5,40,40,51.72111111111111,4
ucb_etc_s0-80-1,ucb_etc_s0-80-1_prior=demand_known_coop=partial_beta=0.5,42,45,48.20088888888889,3
thompson_greedy_s0-40-1,thompson_greedy_s0-40-1_init=benchmark_coop=partial_beta=0.5,40,40,51.72111111111111,4
thompson_greedy_s0-40-1,thompson_greedy_s0-40-1_prior=demand_known_coop=partial_beta=0.5,40,40,51.72111111111111,4
thompson_greedy_s0-40-1,thompson_greedy_s0-40-1_init=benchmark_prior=demand_known_coop=partial_beta=0.5,40,40,51.72111111111111,4
thompson_greedy_s0-40-1,thompson_greedy_s0-40-1_coop=partial_beta=0.75,40,40,51.72111111111111,3
thompson_greedy_s0-40-1,thompson_greedy_s0-40-1_prior=demand_known_coop=partial_beta=0.75,40,40,51.72111111111111,3
thompson_greedy_s0-40-1,thompson_greedy_s0-40-1_init=benchmark_coop=partial_beta=0.75,40,40,51.72111111111111,3
thompson_greedy_s0-40-1,thompson_greedy_s0-40-1_init=benchmark_prior=demand_known_coop=partial_beta=0.75,40,40,51.72111111111111,3
thompson_greedy_s0-60-1,thompson_greedy_s0-60-1_coop=partial_beta=0.25,42,45,48.20088888888889,8
thompson_greedy_s0-60-1,thompson_greedy_s0-60-1_prior=demand_known_coop=partial_beta=0.25,42,45,48.20088888888889,8
thompson_greedy_s0-60-1,thompson_greedy_s0-60-1_init=benchmark_coop=partial_beta=0.25,42,45,48.20088888888889,8
thompson_greedy_s0-60-1,thompson_greedy_s0-60-1_init=benchmark_prior=demand_known_coop=partial_beta=0.25,42,45,48.20088888888889,8
thompson_greedy_s0-60-1,thompson_greedy_s0-60-1_coop=partial_beta=0.5,42,45,48.20088888888889,7
thompson_greedy_s0-60-1,thompson_greedy_s0-60-1_init=benchmark_coop=partial_beta=0.5,42,45,48.20088888888889,7
thompson_greedy_s0-60-1,thompson_greedy_s0-60-1_prior=demand_known_coop=partial_beta=0.5,42,45,48.20088888888889,7
thompson_greedy_s0-60-1,thompson_greedy_s0-60-1_init=benchmark_coop=partial_beta=0.75,42,45,48.20088888888889,6
thompson_greedy_s0-60-1,thompson_greedy_s0-60-1_init=benchmark_prior=demand_known_coop=partial_beta=0.5,42,45,48.20088888888889,7
thompson_greedy_s0-60-1,thompson_greedy_s0-60-1_coop=partial_beta=0.75,42,45,48.20088888888889,6
thompson_greedy_s0-60-1,thompson_greedy_s0-60-1_init=benchmark_prior=demand_known_coop=partial_beta=0.75,42,45,48.20088888888889,6
thompson_greedy_s0-60-1,thompson_greedy_s0-60-1_prior=demand_known_coop=partial_beta=0.75,42,45,48.20088888888889,6
thompson_greedy_s0-80-1,thompson_greedy_s0-80-1_coop=partial_beta=0.25,42,45,48.20088888888889,7
thompson_greedy_s0-80-1,thompson_greedy_s0-80-1_prior=demand_known_coop=partial_beta=0.25,42,45,48.20088888888889,7
thompson_greedy_s0-80-1,thompson_greedy_s0-80-1_init=benchmark_coop=partial_beta=0.25,42,45,48.20088888888889,7
thompson_greedy_s0-80-1,thompson_greedy_s0-80-1_init=benchmark_prior=demand_known_coop=partial_beta=0.25,42,45,48.20088888888889,7
thompson_greedy_s0-80-1,thompson_greedy_s0-80-1_coop=partial_beta=0.5,42,45,48.20088888888889,3
thompson_greedy_s0-80-1,thompson_greedy_s0-80-1_prior=demand_known_coop=partial_beta=0.5,42,45,48.20088888888889,3
thompson_greedy_s0-80-1,thompson_greedy_s0-80-1_init=benchmark_coop=partial_beta=0.5,42,45,48.20088888888889,3
thompson_greedy_s0-80-1,thompson_greedy_s0-80-1_init=benchmark_prior=demand_known_coop=partial_beta=0.5,42,45,48.20088888888889,3
thompson_ucb_s0-40-1,thompson_ucb_s0-40-1_coop=partial_beta=0.25,40,40,51.72111111111111,6
thompson_ucb_s0-40-1,thompson_ucb_s0-40-1_init=benchmark_coop=partial_beta=0.25,40,40,51.72111111111111,6
thompson_greedy_s0-80-1,thompson_greedy_s0-80-1_coop=partial_beta=0.75,42,45,48.20088888888889,3
thompson_greedy_s0-80-1,thompson_greedy_s0-80-1_prior=demand_known_coop=partial_beta=0.75,42,45,48.20088888888889,3
thompson_greedy_s0-80-1,thompson_greedy_s0-80-1_init=benchmark_prior=demand_known_coop=partial_beta=0.75,42,45,48.20088888888889,3
thompson_ucb_s0-40-1,thompson_ucb_s0-40-1_prior=demand_known_coop=partial_beta=0.25,40,40,51.72111111111111,6
thompson_greedy_s0-80-1,thompson_greedy_s0-80-1_init=benchmark_coop=partial_beta=0.75,42,45,48.20088888888889,3
thompson_ucb_s0-40-1,thompson_ucb_s0-40-1_coop=partial_beta=0.5,40,40,51.72111111111111,4
thompson_ucb_s0-40-1,thompson_ucb_s0-40-1_init=benchmark_coop=partial_beta=0.5,40,40,51.72111111111111,4
thompson_ucb_s0-40-1,thompson_ucb_s0-40-1_prior=demand_known_coop=partial_beta=0.5,40,40,51.72111111111111,4
thompson_ucb_s0-40-1,thompson_ucb_s0-40-1_init=benchmark_prior=demand_known_coop=partial_beta=0.5,40,40,51.72111111111111,4
thompson_ucb_s0-40-1,thompson_ucb_s0-40-1_coop=partial_beta=0.75,40,40,51.72111111111111,3
thompson_ucb_s0-40-1,thompson_ucb_s0-40-1_init=benchmark_prior=demand_known_coop=partial_beta=0.25,40,40,51.72111111111111,6
thompson_ucb_s0-40-1,thompson_ucb_s0-40-1_init=benchmark_coop=partial_beta=0.75,40,40,51.72111111111111,3
thompson_ucb_s0-40-1,thompson_ucb_s0-40-1_prior=demand_known_coop=partial_beta=0.75,40,40,51.72111111111111,3
thompson_ucb_s0-40-1,thompson_ucb_s0-40-1_init=benchmark_prior=demand_known_coop=partial_beta=0.75,40,40,51.72111111111111,3
thompson_ucb_s0-60-1,thompson_ucb_s0-60-1_coop=partial_beta=0.25,42,45,48.20088888888889,8
thompson_ucb_s0-60-1,thompson_ucb_s0-60-1_init=benchmark_coop=partial_beta=0.25,42,45,48.20088888888889,8
thompson_ucb_s0-60-1,thompson_ucb_s0-60-1_prior=demand_known_coop=partial_beta=0.25,42,45,48.20088888888889,8
thompson_ucb_s0-60-1,thompson_ucb_s0-60-1_init=benchmark_prior=demand_known_coop=partial_beta=0.25,42,45,48.20088888888889,8
thompson_ucb_s0-60-1,thompson_ucb_s0-60-1_coop=partial_beta=0.5,42,45,48.20088888888889,7
thompson_ucb_s0-60-1,thompson_ucb_s0-60-1_init=benchmark_coop=partial_beta=0.5,42,45,48.20088888888889,7
thompson_ucb_s0-60-1,thompson_ucb_s0-60-1_prior=demand_known_coop=partial_beta=0.5,42,45,48.20088888888889,7
thompson_ucb_s0-60-1,thompson_ucb_s0-60-1_init=benchmark_prior=demand_known_coop=partial_beta=0.5,42,45,48.20088888888889,7
thompson_ucb_s0-60-1,thompson_ucb_s0-60-1_init=benchmark_coop=partial_beta=0.75,42,45,48.20088888888889,6
thompson_ucb_s0-60-1,thompson_ucb_s0-60-1_coop=partial_beta=0.75,42,45,48.20088888888889,6
thompson_ucb_s0-60-1,thompson_ucb_s0-60-1_prior=demand_known_coop=partial_beta=0.75,42,45,48.20088888888889,6
thompson_ucb_s0-80-1,thompson_ucb_s0-80-1_coop=partial_beta=0.25,42,45,48.20088888888889,7
thompson_ucb_s0-80-1,thompson_ucb_s0-80-1_prior=demand_known_coop=partial_beta=0.25,42,45,48.20088888888889,7
thompson_ucb_s0-80-1,thompson_ucb_s0-80-1_init=benchmark_prior=demand_known_coop=partial_beta=0.25,42,45,48.20088888888889,7
thompson_ucb_s0-80-1,thompson_ucb_s0-80-1_coop=partial_beta=0.5,42,45,48.20088888888889,3
thompson_ucb_s0-60-1,thompson_ucb_s0-60-1_init=benchmark_prior=demand_known_coop=partial_beta=0.75,42,45,48.20088888888889,6
thompson_ucb_s0-80-1,thompson_ucb_s0-80-1_init=benchmark_coop=partial_beta=0.25,42,45,48.20088888888889,7
thompson_ucb_s0-80-1,thompson_ucb_s0-80-1_init=benchmark_coop=partial_beta=0.5,42,45,48.20088888888889,3
thompson_ucb_s0-80-1,thompson_ucb_s0-80-1_prior=demand_known_coop=partial_beta=0.5,42,45,48.20088888888889,3
thompson_ucb_s0-80-1,thompson_ucb_s0-80-1_coop=partial_beta=0.75,42,45,48.20088888888889,3
thompson_ucb_s0-80-1,thompson_ucb_s0-80-1_init=benchmark_coop=partial_beta=0.75,42,45,48.20088888888889,3
thompson_ucb_s0-80-1,thompson_ucb_s0-80-1_prior=demand_known_coop=partial_beta=0.75,42,45,48.20088888888889,3
thompson_thompson_s0-40-1,thompson_thompson_s0-40-1_coop=partial_beta=0.25,40,40,51.72111111111111,6
thompson_ucb_s0-80-1,thompson_ucb_s0-80-1_init=benchmark_prior=demand_known_coop=partial_beta=0.75,42,45,48.20088888888889,3
thompson_ucb_s0-80-1,thompson_ucb_s0-80-1_init=benchmark_prior=demand_known_coop=partial_beta=0.5,42,45,48.20088888888889,3
thompson_thompson_s0-40-1,thompson_thompson_s0-40-1_init=benchmark_coop=partial_beta=0.25,40,40,51.72111111111111,6
thompson_thompson_s0-40-1,thompson_thompson_s0-40-1_prior=demand_known_coop=partial_beta=0.25,40,40,51.72111111111111,6
thompson_thompson_s0-40-1,thompson_thompson_s0-40-1_init=benchmark_prior=demand_known_coop=partial_beta=0.25,40,40,51.72111111111111,6
thompson_thompson_s0-40-1,thompson_thompson_s0-40-1_coop=partial_beta=0.5,40,40,51.72111111111111,4
thompson_thompson_s0-40-1,thompson_thompson_s0-40-1_init=benchmark_coop=partial_beta=0.5,40,40,51.72111111111111,4
thompson_thompson_s0-40-1,thompson_thompson_s0-40-1_init=benchmark_prior=demand_known_coop=partial_beta=0.5,40,40,51.72111111111111,4
thompson_thompson_s0-40-1,thompson_thompson_s0-40-1_coop=partial_beta=0.75,40,40,51.72111111111111,3
thompson_thompson_s0-40-1,thompson_thompson_s0-40-1_prior=demand_known_coop=partial_beta=0.75,40,40,51.72111111111111,3
thompson_thompson_s0-40-1,thompson_thompson_s0-40-1_init=benchmark_prior=demand_known_coop=partial_beta=0.75,40,40,51.72111111111111,3
thompson_thompson_s0-40-1,thompson_thompson_s0-40-1_prior=demand_known_coop=partial_beta=0.5,40,40,51.72111111111111,4
thompson_thompson_s0-40-1,thompson_thompson_s0-40-1_init=benchmark_coop=partial_beta=0.75,40,40,51.72111111111111,3
thompson_thompson_s0-60-1,thompson_thompson_s0-60-1_coop=partial_beta=0.25,42,45,48.20088888888889,8
thompson_thompson_s0-60-1,thompson_thompson_s0-60-1_init=benchmark_coop=partial_beta=0.25,42,45,48.20088888888889,8
thompson_thompson_s0-60-1,thompson_thompson_s0-60-1_prior=demand_known_coop=partial_beta=0.25,42,45,48.20088888888889,8
thompson_thompson_s0-60-1,thompson_thompson_s0-60-1_init=benchmark_prior=demand_known_coop=partial_beta=0.25,42,45,48.20088888888889,8
thompson_thompson_s0-60-1,thompson_thompson_s0-60-1_init=benchmark_prior=demand_known_coop=partial_beta=0.5,42,45,48.20088888888889,7
thompson_thompson_s0-60-1,thompson_thompson_s0-60-1_coop=partial_beta=0.75,42,45,48.20088888888889,6
thompson_thompson_s0-60-1,thompson_thompson_s0-60-1_init=benchmark_coop=partial_beta=0.75,42,45,48.20088888888889,6
thompson_thompson_s0-60-1,thompson_thompson_s0-60-1_init=benchmark_prior=demand_known_coop=partial_beta=0.75,42,45,48.20088888888889,6
thompson_thompson_s0-60-1,thompson_thompson_s0-60-1_prior=demand_known_coop=partial_beta=0.75,42,45,48.20088888888889,6
thompson_thompson_s0-60-1,thompson_thompson_s0-60-1_init=benchmark_coop=partial_beta=0.5,42,45,48.20088888888889,7
thompson_thompson_s0-60-1,thompson_thompson_s0-60-1_prior=demand_known_coop=partial_beta=0.5,42,45,48.20088888888889,7
thompson_thompson_s0-60-1,thompson_thompson_s0-60-1_coop=partial_beta=0.5,42,45,48.20088888888889,7
thompson_thompson_s0-80-1,thompson_thompson_s0-80-1_coop=partial_beta=0.25,42,45,48.20088888888889,7
thompson_thompson_s0-80-1,thompson_thompson_s0-80-1_init=benchmark_coop=partial_beta=0.25,42,45,48.20088888888889,7
thompson_thompson_s0-80-1,thompson_thompson_s0-80-1_prior=demand_known_coop=partial_beta=0.25,42,45,48.20088888888889,7
thompson_thompson_s0-80-1,thompson_thompson_s0-80-1_init=benchmark_prior=demand_known_coop=partial_beta=0.25,42,45,48.20088888888889,7
thompson_thompson_s0-80-1,thompson_thompson_s0-80-1_coop=partial_beta=0.5,42,45,48.20088888888889,3
thompson_thompson_s0-80-1,thompson_thompson_s0-80-1_init=benchmark_prior=demand_known_coop=partial_beta=0.5,42,45,48.20088888888889,3
thompson_thompson_s0-80-1,thompson_thompson_s0-80-1_coop=partial_beta=0.75,42,45,48.20088888888889,3
thompson_thompson_s0-80-1,thompson_thompson_s0-80-1_init=benchmark_coop=partial_beta=0.75,42,45,48.20088888888889,3
thompson_exp3_s0-40-1,thompson_exp3_s0-40-1_init=benchmark_coop=partial_beta=0.25,40,40,51.72111111111111,6
thompson_thompson_s0-80-1,thompson_thompson_s0-80-1_init=benchmark_coop=partial_beta=0.5,42,45,48.20088888888889,3
thompson_thompson_s0-80-1,thompson_thompson_s0-80-1_prior=demand_known_coop=partial_beta=0.75,42,45,48.20088888888889,3
thompson_exp3_s0-40-1,thompson_exp3_s0-40-1_prior=demand_known_coop=partial_beta=0.25,40,40,51.72111111111111,6
thompson_exp3_s0-40-1,thompson_exp3_s0-40-1_coop=partial_beta=0.25,40,40,51.72111111111111,6
thompson_exp3_s0-40-1,thompson_exp3_s0-40-1_init=benchmark_prior=demand_known_coop=partial_beta=0.25,40,40,51.72111111111111,6
thompson_thompson_s0-80-1,thompson_thompson_s0-80-1_prior=demand_known_coop=partial_beta=0.5,42,45,48.20088888888889,3
thompson_exp3_s0-40-1,thompson_exp3_s0-40-1_coop=partial_beta=0.5,40,40,51.72111111111111,4
thompson_exp3_s0-40-1,thompson_exp3_s0-40-1_init=benchmark_coop=partial_beta=0.5,40,40,51.72111111111111,4
thompson_exp3_s0-40-1,thompson_exp3_s0-40-1_init=benchmark_prior=demand_known_coop=partial_beta=0.5,40,40,51.72111111111111,4
thompson_exp3_s0-40-1,thompson_exp3_s0-40-1_prior=demand_known_coop=partial_beta=0.5,40,40,51.72111111111111,4
thompson_exp3_s0-40-1,thompson_exp3_s0-40-1_coop=partial_beta=0.75,40,40,51.72111111111111,3
thompson_exp3_s0-40-1,thompson_exp3_s0-40-1_init=benchmark_coop=partial_beta=0.75,40,40,51.72111111111111,3
thompson_exp3_s0-40-1,thompson_exp3_s0-40-1_prior=demand_known_coop=partial_beta=0.75,40,40,51.72111111111111,3
thompson_exp3_s0-40-1,thompson_exp3_s0-40-1_init=benchmark_prior=demand_known_coop=partial_beta=0.75,40,40,51.72111111111111,3
thompson_exp3_s0-60-1,thompson_exp3_s0-60-1_init=benchmark_coop=partial_beta=0.25,42,45,48.20088888888889,8
thompson_exp3_s0-60-1,thompson_exp3_s0-60-1_coop=partial_beta=0.25,42,45,48.20088888888889,8
thompson_thompson_s0-80-1,thompson_thompson_s0-80-1_init=benchmark_prior=demand_known_coop=partial_beta=0.75,42,45,48.20088888888889,3
thompson_exp3_s0-60-1,thompson_exp3_s0-60-1_prior=demand_known_coop=partial_beta=0.25,42,45,48.20088888888889,8
thompson_exp3_s0-60-1,thompson_exp3_s0-60-1_init=benchmark_prior=demand_known_coop=partial_beta=0.25,42,45,48.20088888888889,8
thompson_exp3_s0-60-1,thompson_exp3_s0-60-1_coop=partial_beta=0.5,42,45,48.20088888888889,7
thompson_exp3_s0-60-1,thompson_exp3_s0-60-1_init=benchmark_coop=partial_beta=0.5,42,45,48.20088888888889,7
thompson_exp3_s0-60-1,thompson_exp3_s0-60-1_prior=demand_known_coop=partial_beta=0.5,42,45,48.20088888888889,7
thompson_exp3_s0-60-1,thompson_exp3_s0-60-1_init=benchmark_prior=demand_known_coop=partial_beta=0.5,42,45,48.20088888888889,7
thompson_exp3_s0-60-1,thompson_exp3_s0-60-1_coop=partial_beta=0.75,42,45,48.20088888888889,6
thompson_exp3_s0-60-1,thompson_exp3_s0-60-1_init=benchmark_coop=partial_beta=0.75,42,45,48.20088888888889,6
thompson_exp3_s0-60-1,thompson_exp3_s0-60-1_init=benchmark_prior=demand_known_coop=partial_beta=0.75,42,45,48.20088888888889,6
thompson_exp3_s0-60-1,thompson_exp3_s0-60-1_prior=demand_known_coop=partial_beta=0.75,42,45,48.20088888888889,6
thompson_exp3_s0-80-1,thompson_exp3_s0-80-1_coop=partial_beta=0.25,42,45,48.20088888888889,7
thompson_exp3_s0-80-1,thompson_exp3_s0-80-1_init=benchmark_coop=partial_beta=0.25,42,45,48.20088888888889,7
thompson_exp3_s0-80-1,thompson_exp3_s0-80-1_prior=demand_known_coop=partial_beta=0.25,42,45,48.20088888888889,7
thompson_exp3_s0-80-1,thompson_exp3_s0-80-1_init=benchmark_prior=demand_known_coop=partial_beta=0.25,42,45,48.20088888888889,7
thompson_exp3_s0-80-1,thompson_exp3_s0-80-1_coop=partial_beta=0.5,42,45,48.20088888888889,3
thompson_exp3_s0-80-1,thompson_exp3_s0-80-1_init=benchmark_coop=partial_beta=0.5,42,45,48.20088888888889,3
thompson_exp3_s0-80-1,thompson_exp3_s0-80-1_prior=demand_known_coop=partial_beta=0.5,42,45,48.20088888888889,3
thompson_etc_s0-40-1,thompson_etc_s0-40-1_coop=partial_beta=0.25,40,40,51.72111111111111,6
thompson_exp3_s0-80-1,thompson_exp3_s0-80-1_coop=partial_beta=0.75,42,45,48.20088888888889,3
thompson_exp3_s0-80-1,thompson_exp3_s0-80-1_init=benchmark_prior=demand_known_coop=partial_beta=0.5,42,45,48.20088888888889,3
thompson_exp3_s0-80-1,thompson_exp3_s0-80-1_init=benchmark_coop=partial_beta=0.75,42,45,48.20088888888889,3
thompson_etc_s0-40-1,thompson_etc_s0-40-1_prior=demand_known_coop=partial_beta=0.25,40,40,51.72111111111111,6
thompson_etc_s0-40-1,thompson_etc_s0-40-1_init=benchmark_prior=demand_known_coop=partial_beta=0.25,40,40,51.72111111111111,6
thompson_etc_s0-40-1,thompson_etc_s0-40-1_coop=partial_beta=0.5,40,40,51.72111111111111,4
thompson_exp3_s0-80-1,thompson_exp3_s0-80-1_prior=demand_known_coop=partial_beta=0.75,42,45,48.20088888888889,3
thompson_etc_s0-40-1,thompson_etc_s0-40-1_init=benchmark_coop=partial_beta=0.25,40,40,51.72111111111111,6
thompson_exp3_s0-80-1,thompson_exp3_s0-80-1_init=benchmark_prior=demand_known_coop=partial_beta=0.75,42,45,48.20088888888889,3
thompson_etc_s0-40-1,thompson_etc_s0-40-1_init=benchmark_coop=partial_beta=0.5,40,40,51.72111111111111,4
thompson_etc_s0-40-1,thompson_etc_s0-40-1_coop=partial_beta=0.75,40,40,51.72111111111111,3
thompson_etc_s0-40-1,thompson_etc_s0-40-1_prior=demand_known_coop=partial_beta=0.5,40,40,51.72111111111111,4
thompson_etc_s0-40-1,thompson_etc_s0-40-1_init=benchmark_prior=demand_known_coop=partial_beta=0.5,40,40,51.72111111111111,4
thompson_etc_s0-40-1,thompson_etc_s0-40-1_init=benchmark_coop=partial_beta=0.75,40,40,51.72111111111111,3
thompson_etc_s0-40-1,thompson_etc_s0-40-1_prior=demand_known_coop=partial_beta=0.75,40,40,51.72111111111111,3
thompson_etc_s0-40-1,thompson_etc_s0-40-1_init=benchmark_prior=demand_known_coop=partial_beta=0.75,40,40,51.72111111111111,3
thompson_etc_s0-60-1,thompson_etc_s0-60-1_coop=partial_beta=0.25,42,45,48.20088888888889,8
thompson_etc_s0-60-1,thompson_etc_s0-60-1_init=benchmark_coop=partial_beta=0.25,42,45,48.20088888888889,8
thompson_etc_s0-60-1,thompson_etc_s0-60-1_prior=demand_known_coop=partial_beta=0.25,42,45,48.20088888888889,8
thompson_etc_s0-60-1,thompson_etc_s0-60-1_init=benchmark_prior=demand_known_coop=partial_beta=0.25,42,45,48.20088888888889,8
thompson_etc_s0-60-1,thompson_etc_s0-60-1_prior=demand_known_coop=partial_beta=0.5,42,45,48.20088888888889,7
thompson_etc_s0-60-1,thompson_etc_s0-60-1_init=benchmark_coop=partial_beta=0.5,42,45,48.20088888888889,7
thompson_etc_s0-60-1,thompson_etc_s0-60-1_coop=partial_beta=0.5,42,45,48.20088888888889,7
thompson_etc_s0-60-1,thompson_etc_s0-60-1_init=benchmark_prior=demand_known_coop=partial_beta=0.5,42,45,48.20088888888889,7
thompson_etc_s0-60-1,thompson_etc_s0-60-1_coop=partial_beta=0.75,42,45,48.20088888888889,6
thompson_etc_s0-60-1,thompson_etc_s0-60-1_init=benchmark_coop=partial_beta=0.75,42,45,48.20088888888889,6
thompson_etc_s0-60-1,thompson_etc_s0-60-1_prior=demand_known_coop=partial_beta=0.75,42,45,48.20088888888889,6
thompson_etc_s0-60-1,thompson_etc_s0-60-1_init=benchmark_prior=demand_known_coop=partial_beta=0.75,42,45,48.20088888888889,6
thompson_etc_s0-80-1,thompson_etc_s0-80-1_coop=partial_beta=0.25,42,45,48.20088888888889,7
thompson_etc_s0-80-1,thompson_etc_s0-80-1_init=benchmark_coop=partial_beta=0.25,42,45,48.20088888888889,7
thompson_etc_s0-80-1,thompson_etc_s0-80-1_prior=demand_known_coop=partial_beta=0.25,42,45,48.20088888888889,7
thompson_etc_s0-80-1,thompson_etc_s0-80-1_init=benchmark_prior=demand_known_coop=partial_beta=0.25,42,45,48.20088888888889,7
thompson_etc_s0-80-1,thompson_etc_s0-80-1_coop=partial_beta=0.5,42,45,48.20088888888889,3
thompson_etc_s0-80-1,thompson_etc_s0-80-1_init=benchmark_coop=partial_beta=0.5,42,45,48.20088888888889,3
thompson_etc_s0-80-1,thompson_etc_s0-80-1_prior=demand_known_coop=partial_beta=0.5,42,45,48.20088888888889,3
exp3_greedy_s0-40-1,exp3_greedy_s0-40-1_coop=partial_beta=0.25,40,40,51.72111111111111,6
thompson_etc_s0-80-1,thompson_etc_s0-80-1_init=benchmark_prior=demand_known_coop=partial_beta=0.5,42,45,48.20088888888889,3
exp3_greedy_s0-40-1,exp3_greedy_s0-40-1_init=benchmark_coop=partial_beta=0.25,40,40,51.72111111111111,6
exp3_greedy_s0-40-1,exp3_greedy_s0-40-1_prior=demand_known_coop=partial_beta=0.25,40,40,51.72111111111111,6
exp3_greedy_s0-40-1,exp3_greedy_s0-40-1_init=benchmark_prior=demand_known_coop=partial_beta=0.25,40,40,51.72111111111111,6
exp3_greedy_s0-40-1,exp3_greedy_s0-40-1_coop=partial_beta=0.5,40,40,51.72111111111111,4
thompson_etc_s0-80-1,thompson_etc_s0-80-1_coop=partial_beta=0.75,42,45,48.20088888888889,3
thompson_etc_s0-80-1,thompson_etc_s0-80-1_init=benchmark_coop=partial_beta=0.75,42,45,48.20088888888889,3
exp3_greedy_s0-40-1,exp3_greedy_s0-40-1_prior=demand_known_coop=partial_beta=0.5,40,40,51.72111111111111,4
exp3_greedy_s0-40-1,exp3_greedy_s0-40-1_init=benchmark_coop=partial_beta=0.5,40,40,51.72111111111111,4
exp3_greedy_s0-40-1,exp3_greedy_s0-40-1_coop=partial_beta=0.75,40,40,51.72111111111111,3
exp3_greedy_s0-40-1,exp3_greedy_s0-40-1_init=benchmark_prior=demand_known_coop=partial_beta=0.5,40,40,51.72111111111111,4
exp3_greedy_s0-40-1,exp3_greedy_s0-40-1_init=benchmark_coop=partial_beta=0.75,40,40,51.72111111111111,3
exp3_greedy_s0-40-1,exp3_greedy_s0-40-1_init=benchmark_prior=demand_known_coop=partial_beta=0.75,40,40,51.72111111111111,3
exp3_greedy_s0-40-1,exp3_greedy_s0-40-1_prior=demand_known_coop=partial_beta=0.75,40,40,51.72111111111111,3
exp3_greedy_s0-60-1,exp3_greedy_s0-60-1_coop=partial_beta=0.25,42,45,48.20088888888889,8
thompson_etc_s0-80-1,thompson_etc_s0-80-1_prior=demand_known_coop=partial_beta=0.75,42,45,48.20088888888889,3
exp3_greedy_s0-60-1,exp3_greedy_s0-60-1_init=benchmark_coop=partial_beta=0.25,42,45,48.20088888888889,8
exp3_greedy_s0-60-1,exp3_greedy_s0-60-1_prior=demand_known_coop=partial_beta=0.25,42,45,48.20088888888889,8
exp3_greedy_s0-60-1,exp3_greedy_s0-60-1_init=benchmark_prior=demand_known_coop=partial_beta=0.25,42,45,48.20088888888889,8
exp3_greedy_s0-60-1,exp3_greedy_s0-60-1_coop=partial_beta=0.5,42,45,48.20088888888889,7
thompson_etc_s0-80-1,thompson_etc_s0-80-1_init=benchmark_prior=demand_known_coop=partial_beta=0.75,42,45,48.20088888888889,3
exp3_greedy_s0-60-1,exp3_greedy_s0-60-1_init=benchmark_coop=partial_beta=0.5,42,45,48.20088888888889,7
exp3_greedy_s0-60-1,exp3_greedy_s0-60-1_prior=demand_known_coop=partial_beta=0.5,42,45,48.20088888888889,7
exp3_greedy_s0-60-1,exp3_greedy_s0-60-1_coop=partial_beta=0.75,42,45,48.20088888888889,6
exp3_greedy_s0-60-1,exp3_greedy_s0-60-1_init=benchmark_prior=demand_known_coop=partial_beta=0.5,42,45,48.20088888888889,7
exp3_greedy_s0-60-1,exp3_greedy_s0-60-1_init=benchmark_coop=partial_beta=0.75,42,45,48.20088888888889,6
exp3_greedy_s0-80-1,exp3_greedy_s0-80-1_coop=partial_beta=0.25,42,45,48.20088888888889,7
exp3_greedy_s0-60-1,exp3_greedy_s0-60-1_init=benchmark_prior=demand_known_coop=partial_beta=0.75,42,45,48.20088888888889,6
exp3_greedy_s0-60-1,exp3_greedy_s0-60-1_prior=demand_known_coop=partial_beta=0.75,42,45,48.20088888888889,6
exp3_greedy_s0-80-1,exp3_greedy_s0-80-1_init=benchmark_coop=partial_beta=0.25,42,45,48.20088888888889,7
exp3_greedy_s0-80-1,exp3_greedy_s0-80-1_prior=demand_known_coop=partial_beta=0.25,42,45,48.20088888888889,7
exp3_greedy_s0-80-1,exp3_greedy_s0-80-1_init=benchmark_prior=demand_known_coop=partial_beta=0.25,42,45,48.20088888888889,7
exp3_greedy_s0-80-1,exp3_greedy_s0-80-1_prior=demand_known_coop=partial_beta=0.5,42,45,48.20088888888889,3
exp3_greedy_s0-80-1,exp3_greedy_s0-80-1_init=benchmark_coop=partial_beta=0.5,42,45,48.20088888888889,3
exp3_greedy_s0-80-1,exp3_greedy_s0-80-1_coop=partial_beta=0.5,42,45,48.20088888888889,3
exp3_greedy_s0-80-1,exp3_greedy_s0-80-1_init=benchmark_prior=demand_known_coop=partial_beta=0.5,42,45,48.20088888888889,3
exp3_greedy_s0-80-1,exp3_greedy_s0-80-1_prior=demand_known_coop=partial_beta=0.75,42,45,48.20088888888889,3
exp3_greedy_s0-80-1,exp3_greedy_s0-80-1_coop=partial_beta=0.75,42,45,48.20088888888889,3
exp3_greedy_s0-80-1,exp3_greedy_s0-80-1_init=benchmark_coop=partial_beta=0.75,42,45,48.20088888888889,3
exp3_greedy_s0-80-1,exp3_greedy_s0-80-1_init=benchmark_prior=demand_known_coop=partial_beta=0.75,42,45,48.20088888888889,3
exp3_ucb_s0-40-1,exp3_ucb_s0-40-1_coop=partial_beta=0.25,40,40,51.72111111111111,6
exp3_ucb_s0-40-1,exp3_ucb_s0-40-1_init=benchmark_coop=partial_beta=0.25,40,40,51.72111111111111,6
exp3_ucb_s0-40-1,exp3_ucb_s0-40-1_prior=demand_known_coop=partial_beta=0.25,40,40,51.72111111111111,6
exp3_ucb_s0-40-1,exp3_ucb_s0-40-1_init=benchmark_prior=demand_known_coop=partial_beta=0.25,40,40,51.72111111111111,6
exp3_ucb_s0-40-1,exp3_ucb_s0-40-1_coop=partial_beta=0.5,40,40,51.72111111111111,4
exp3_ucb_s0-40-1,exp3_ucb_s0-40-1_init=benchmark_coop=partial_beta=0.5,40,40,51.72111111111111,4
exp3_ucb_s0-40-1,exp3_ucb_s0-40-1_prior=demand_known_coop=partial_beta=0.5,40,40,51.72111111111111,4
exp3_ucb_s0-40-1,exp3_ucb_s0-40-1_init=benchmark_prior=demand_known_coop=partial_beta=0.5,40,40,51.72111111111111,4
exp3_ucb_s0-40-1,exp3_ucb_s0-40-1_coop=partial_beta=0.75,40,40,51.72111111111111,3
exp3_ucb_s0-40-1,exp3_ucb_s0-40-1_prior=demand_known_coop=partial_beta=0.75,40,40,51.72111111111111,3
exp3_ucb_s0-40-1,exp3_ucb_s0-40-1_init=benchmark_coop=partial_beta=0.75,40,40,51.72111111111111,3
exp3_ucb_s0-40-1,exp3_ucb_s0-40-1_init=benchmark_prior=demand_known_coop=partial_beta=0.75,40,40,51.72111111111111,3
exp3_ucb_s0-60-1,exp3_ucb_s0-60-1_coop=partial_beta=0.25,42,45,48.20088888888889,8
exp3_ucb_s0-60-1,exp3_ucb_s0-60-1_init=benchmark_coop=partial_beta=0.25,42,45,48.20088888888889,8
exp3_ucb_s0-60-1,exp3_ucb_s0-60-1_prior=demand_known_coop=partial_beta=0.25,42,45,48.20088888888889,8
exp3_ucb_s0-60-1,exp3_ucb_s0-60-1_init=benchmark_prior=demand_known_coop=partial_beta=0.25,42,45,48.20088888888889,8
exp3_ucb_s0-60-1,exp3_ucb_s0-60-1_coop=partial_beta=0.5,42,45,48.20088888888889,7
exp3_ucb_s0-60-1,exp3_ucb_s0-60-1_init=benchmark_coop=partial_beta=0.5,42,45,48.20088888888889,7
exp3_ucb_s0-60-1,exp3_ucb_s0-60-1_prior=demand_known_coop=partial_beta=0.5,42,45,48.20088888888889,7
exp3_ucb_s0-60-1,exp3_ucb_s0-60-1_init=benchmark_prior=demand_known_coop=partial_beta=0.5,42,45,48.20088888888889,7
exp3_ucb_s0-60-1,exp3_ucb_s0-60-1_coop=partial_beta=0.75,42,45,48.20088888888889,6
exp3_ucb_s0-60-1,exp3_ucb_s0-60-1_init=benchmark_coop=partial_beta=0.75,42,45,48.20088888888889,6
exp3_ucb_s0-60-1,exp3_ucb_s0-60-1_prior=demand_known_coop=partial_beta=0.75,42,45,48.20088888888889,6
exp3_ucb_s0-80-1,exp3_ucb_s0-80-1_init=benchmark_coop=partial_beta=0.25,42,45,48.20088888888889,7
exp3_ucb_s0-60-1,exp3_ucb_s0-60-1_init=benchmark_prior=demand_known_coop=partial_beta=0.75,42,45,48.20088888888889,6
exp3_ucb_s0-80-1,exp3_ucb_s0-80-1_prior=demand_known_coop=partial_beta=0.25,42,45,48.20088888888889,7
exp3_ucb_s0-80-1,exp3_ucb_s0-80-1_coop=partial_beta=0.25,42,45,48.20088888888889,7
exp3_ucb_s0-80-1,exp3_ucb_s0-80-1_coop=partial_beta=0.5,42,45,48.20088888888889,3
exp3_ucb_s0-80-1,exp3_ucb_s0-80-1_init=benchmark_prior=demand_known_coop=partial_beta=0.25,42,45,48.20088888888889,7
exp3_ucb_s0-80-1,exp3_ucb_s0-80-1_prior=demand_known_coop=partial_beta=0.5,42,45,48.20088888888889,3
exp3_ucb_s0-80-1,exp3_ucb_s0-80-1_init=benchmark_coop=partial_beta=0.5,42,45,48.20088888888889,3
exp3_ucb_s0-80-1,exp3_ucb_s0-80-1_init=benchmark_prior=demand_known_coop=partial_beta=0.5,42,45,48.20088888888889,3
exp3_ucb_s0-80-1,exp3_ucb_s0-80-1_coop=partial_beta=0.75,42,45,48.20088888888889,3
exp3_ucb_s0-80-1,exp3_ucb_s0-80-1_prior=demand_known_coop=partial_beta=0.75,42,45,48.20088888888889,3
exp3_ucb_s0-80-1,exp3_ucb_s0-80-1_init=benchmark_coop=partial_beta=0.75,42,45,48.20088888888889,3
exp3_ucb_s0-80-1,exp3_ucb_s0-80-1_init=benchmark_prior=demand_known_coop=partial_beta=0.75,42,45,48.20088888888889,3
exp3_thompson_s0-40-1,exp3_thompson_s0-40-1_init=benchmark_coop=partial_beta=0.25,40,40,51.72111111111111,6
exp3_thompson_s0-40-1,exp3_thompson_s0-40-1_prior=demand_known_coop=partial_beta=0.25,40,40,51.72111111111111,6
exp3_thompson_s0-40-1,exp3_thompson_s0-40-1_coop=partial_beta=0.25,40,40,51.72111111111111,6
exp3_thompson_s0-40-1,exp3_thompson_s0-40-1_init=benchmark_prior=demand_known_coop=partial_beta=0.25,40,40,51.72111111111111,6
exp3_thompson_s0-40-1,exp3_thompson_s0-40-1_coop=partial_beta=0.5,40,40,51.72111111111111,4
exp3_thompson_s0-40-1,exp3_thompson_s0-40-1_init=benchmark_coop=partial_beta=0.5,40,40,51.72111111111111,4
exp3_thompson_s0-40-1,exp3_thompson_s0-40-1_prior=demand_known_coop=partial_beta=0.5,40,40,51.72111111111111,4
exp3_thompson_s0-40-1,exp3_thompson_s0-40-1_init=benchmark_coop=partial_beta=0.75,40,40,51.72111111111111,3
exp3_thompson_s0-40-1,exp3_thompson_s0-40-1_coop=partial_beta=0.75,40,40,51.72111111111111,3
exp3_thompson_s0-40-1,exp3_thompson_s0-40-1_init=benchmark_prior=demand_known_coop=partial_beta=0.5,40,40,51.72111111111111,4
exp3_thompson_s0-40-1,exp3_thompson_s0-40-1_prior=demand_known_coop=partial_beta=0.75,40,40,51.72111111111111,3
exp3_thompson_s0-60-1,exp3_thompson_s0-60-1_coop=partial_beta=0.25,42,45,48.20088888888889,8
exp3_thompson_s0-60-1,exp3_thompson_s0-60-1_init=benchmark_coop=partial_beta=0.25,42,45,48.20088888888889,8
exp3_thompson_s0-60-1,exp3_thompson_s0-60-1_prior=demand_known_coop=partial_beta=0.25,42,45,48.20088888888889,8
exp3_thompson_s0-40-1,exp3_thompson_s0-40-1_init=benchmark_prior=demand_known_coop=partial_beta=0.75,40,40,51.72111111111111,3
exp3_thompson_s0-60-1,exp3_thompson_s0-60-1_init=benchmark_prior=demand_known_coop=partial_beta=0.25,42,45,48.20088888888889,8
exp3_thompson_s0-60-1,exp3_thompson_s0-60-1_coop=partial_beta=0.5,42,45,48.20088888888889,7
exp3_thompson_s0-60-1,exp3_thompson_s0-60-1_prior=demand_known_coop=partial_beta=0.5,42,45,48.20088888888889,7
exp3_thompson_s0-60-1,exp3_thompson_s0-60-1_init=benchmark_coop=partial_beta=0.5,42,45,48.20088888888889,7
exp3_thompson_s0-60-1,exp3_thompson_s0-60-1_init=benchmark_prior=demand_known_coop=partial_beta=0.5,42,45,48.20088888888889,7
exp3_thompson_s0-60-1,exp3_thompson_s0-60-1_coop=partial_beta=0.75,42,45,48.20088888888889,6
exp3_thompson_s0-60-1,exp3_thompson_s0-60-1_init=benchmark_coop=partial_beta=0.75,42,45,48.20088888888889,6
exp3_thompson_s0-60-1,exp3_thompson_s0-60-1_prior=demand_known_coop=partial_beta=0.75,42,45,48.20088888888889,6
exp3_thompson_s0-60-1,exp3_thompson_s0-60-1_init=benchmark_prior=demand_known_coop=partial_beta=0.75,42,45,48.20088888888889,6
exp3_thompson_s0-80-1,exp3_thompson_s0-80-1_coop=partial_beta=0.25,42,45,48.20088888888889,7
exp3_thompson_s0-80-1,exp3_thompson_s0-80-1_init=benchmark_coop=partial_beta=0.25,42,45,48.20088888888889,7
exp3_thompson_s0-80-1,exp3_thompson_s0-80-1_init=benchmark_prior=demand_known_coop=partial_beta=0.25,42,45,48.20088888888889,7
exp3_thompson_s0-80-1,exp3_thompson_s0-80-1_prior=demand_known_coop=partial_beta=0.25,42,45,48.20088888888889,7
exp3_thompson_s0-80-1,exp3_thompson_s0-80-1_coop=partial_beta=0.5,42,45,48.20088888888889,3
exp3_exp3_s0-40-1,exp3_exp3_s0-40-1_coop=partial_beta=0.25,40,40,51.72111111111111,6
exp3_exp3_s0-40-1,exp3_exp3_s0-40-1_init=benchmark_coop=partial_beta=0.25,40,40,51.72111111111111,6
exp3_exp3_s0-40-1,exp3_exp3_s0-40-1_prior=demand_known_coop=partial_beta=0.25,40,40,51.72111111111111,6
exp3_thompson_s0-80-1,exp3_thompson_s0-80-1_init=benchmark_coop=partial_beta=0.5,42,45,48.20088888888889,3
exp3_thompson_s0-80-1,exp3_thompson_s0-80-1_prior=demand_known_coop=partial_beta=0.5,42,45,48.20088888888889,3
exp3_exp3_s0-40-1,exp3_exp3_s0-40-1_init=benchmark_prior=demand_known_coop=partial_beta=0.25,40,40,51.72111111111111,6
exp3_exp3_s0-40-1,exp3_exp3_s0-40-1_coop=partial_beta=0.5,40,40,51.72111111111111,4
exp3_exp3_s0-40-1,exp3_exp3_s0-40-1_init=benchmark_coop=partial_beta=0.5,40,40,51.72111111111111,4
exp3_exp3_s0-40-1,exp3_exp3_s0-40-1_prior=demand_known_coop=partial_beta=0.5,40,40,51.72111111111111,4
exp3_thompson_s0-80-1,exp3_thompson_s0-80-1_init=benchmark_prior=demand_known_coop=partial_beta=0.5,42,45,48.20088888888889,3
exp3_thompson_s0-80-1,exp3_thompson_s0-80-1_coop=partial_beta=0.75,42,45,48.20088888888889,3
exp3_exp3_s0-40-1,exp3_exp3_s0-40-1_init=benchmark_prior=demand_known_coop=partial_beta=0.5,40,40,51.72111111111111,4
exp3_exp3_s0-40-1,exp3_exp3_s0-40-1_coop=partial_beta=0.75,40,40,51.72111111111111,3
exp3_thompson_s0-80-1,exp3_thompson_s0-80-1_init=benchmark_coop=partial_beta=0.75,42,45,48.20088888888889,3
exp3_exp3_s0-40-1,exp3_exp3_s0-40-1_init=benchmark_coop=partial_beta=0.75,40,40,51.72111111111111,3
exp3_exp3_s0-40-1,exp3_exp3_s0-40-1_prior=demand_known_coop=partial_beta=0.75,40,40,51.72111111111111,3
exp3_exp3_s0-40-1,exp3_exp3_s0-40-1_init=benchmark_prior=demand_known_coop=partial_beta=0.75,40,40,51.72111111111111,3
exp3_exp3_s0-60-1,exp3_exp3_s0-60-1_coop=partial_beta=0.25,42,45,48.20088888888889,8
exp3_thompson_s0-80-1,exp3_thompson_s0-80-1_prior=demand_known_coop=partial_beta=0.75,42,45,48.20088888888889,3
exp3_exp3_s0-60-1,exp3_exp3_s0-60-1_init=benchmark_coop=partial_beta=0.25,42,45,48.20088888888889,8
exp3_exp3_s0-60-1,exp3_exp3_s0-60-1_prior=demand_known_coop=partial_beta=0.25,42,45,48.20088888888889,8
exp3_thompson_s0-80-1,exp3_thompson_s0-80-1_init=benchmark_prior=demand_known_coop=partial_beta=0.75,42,45,48.20088888888889,3
exp3_exp3_s0-60-1,exp3_exp3_s0-60-1_coop=partial_beta=0.5,42,45,48.20088888888889,7
exp3_exp3_s0-60-1,exp3_exp3_s0-60-1_init=benchmark_prior=demand_known_coop=partial_beta=0.25,42,45,48.20088888888889,8
exp3_exp3_s0-60-1,exp3_exp3_s0-60-1_prior=demand_known_coop=partial_beta=0.5,42,45,48.20088888888889,7
exp3_exp3_s0-60-1,exp3_exp3_s0-60-1_init=benchmark_coop=partial_beta=0.5,42,45,48.20088888888889,7
exp3_exp3_s0-60-1,exp3_exp3_s0-60-1_coop=partial_beta=0.75,42,45,48.20088888888889,6
exp3_exp3_s0-60-1,exp3_exp3_s0-60-1_init=benchmark_prior=demand_known_coop=partial_beta=0.5,42,45,48.20088888888889,7
exp3_exp3_s0-60-1,exp3_exp3_s0-60-1_init=benchmark_coop=partial_beta=0.75,42,45,48.20088888888889,6
exp3_exp3_s0-60-1,exp3_exp3_s0-60-1_prior=demand_known_coop=partial_beta=0.75,42,45,48.20088888888889,6
exp3_exp3_s0-80-1,exp3_exp3_s0-80-1_coop=partial_beta=0.25,42,45,48.20088888888889,7
exp3_exp3_s0-60-1,exp3_exp3_s0-60-1_init=benchmark_prior=demand_known_coop=partial_beta=0.75,42,45,48.20088888888889,6
exp3_exp3_s0-80-1,exp3_exp3_s0-80-1_init=benchmark_coop=partial_beta=0.25,42,45,48.20088888888889,7
exp3_exp3_s0-80-1,exp3_exp3_s0-80-1_prior=demand_known_coop=partial_beta=0.25,42,45,48.20088888888889,7
exp3_exp3_s0-80-1,exp3_exp3_s0-80-1_init=benchmark_prior=demand_known_coop=partial_beta=0.25,42,45,48.20088888888889,7
exp3_exp3_s0-80-1,exp3_exp3_s0-80-1_coop=partial_beta=0.5,42,45,48.20088888888889,3
exp3_exp3_s0-80-1,exp3_exp3_s0-80-1_prior=demand_known_coop=partial_beta=0.5,42,45,48.20088888888889,3
exp3_exp3_s0-80-1,exp3_exp3_s0-80-1_init=benchmark_coop=partial_beta=0.5,42,45,48.20088888888889,3
exp3_exp3_s0-80-1,exp3_exp3_s0-80-1_init=benchmark_prior=demand_known_coop=partial_beta=0.5,42,45,48.20088888888889,3
exp3_exp3_s0-80-1,exp3_exp3_s0-80-1_init=benchmark_coop=partial_beta=0.75,42,45,48.20088888888889,3
exp3_etc_s0-40-1,exp3_etc_s0-40-1_coop=partial_beta=0.25,40,40,51.72111111111111,6
exp3_exp3_s0-80-1,exp3_exp3_s0-80-1_init=benchmark_prior=demand_known_coop=partial_beta=0.75,42,45,48.20088888888889,3
exp3_etc_s0-40-1,exp3_etc_s0-40-1_init=benchmark_coop=partial_beta=0.25,40,40,51.72111111111111,6
exp3_etc_s0-40-1,exp3_etc_s0-40-1_prior=demand_known_coop=partial_beta=0.25,40,40,51.72111111111111,6
exp3_etc_s0-40-1,exp3_etc_s0-40-1_coop=partial_beta=0.5,40,40,51.72111111111111,4
exp3_etc_s0-40-1,exp3_etc_s0-40-1_init=benchmark_prior=demand_known_coop=partial_beta=0.25,40,40,51.72111111111111,6
exp3_etc_s0-40-1,exp3_etc_s0-40-1_init=benchmark_coop=partial_beta=0.5,40,40,51.72111111111111,4
exp3_etc_s0-40-1,exp3_etc_s0-40-1_prior=demand_known_coop=partial_beta=0.5,40,40,51.72111111111111,4
exp3_etc_s0-40-1,exp3_etc_s0-40-1_init=benchmark_prior=demand_known_coop=partial_beta=0.5,40,40,51.72111111111111,4
exp3_etc_s0-40-1,exp3_etc_s0-40-1_coop=partial_beta=0.75,40,40,51.72111111111111,3
exp3_etc_s0-40-1,exp3_etc_s0-40-1_prior=demand_known_coop=partial_beta=0.75,40,40,51.72111111111111,3
exp3_etc_s0-60-1,exp3_etc_s0-60-1_coop=partial_beta=0.25,42,45,48.20088888888889,8
exp3_etc_s0-40-1,exp3_etc_s0-40-1_init=benchmark_prior=demand_known_coop=partial_beta=0.75,40,40,51.72111111111111,3
exp3_etc_s0-60-1,exp3_etc_s0-60-1_init=benchmark_coop=partial_beta=0.25,42,45,48.20088888888889,8
exp3_etc_s0-60-1,exp3_etc_s0-60-1_init=benchmark_prior=demand_known_coop=partial_beta=0.25,42,45,48.20088888888889,8
exp3_etc_s0-60-1,exp3_etc_s0-60-1_prior=demand_known_coop=partial_beta=0.25,42,45,48.20088888888889,8
exp3_etc_s0-60-1,exp3_etc_s0-60-1_coop=partial_beta=0.5,42,45,48.20088888888889,7
exp3_etc_s0-60-1,exp3_etc_s0-60-1_init=benchmark_coop=partial_beta=0.5,42,45,48.20088888888889,7
exp3_etc_s0-60-1,exp3_etc_s0-60-1_init=benchmark_prior=demand_known_coop=partial_beta=0.5,42,45,48.20088888888889,7
exp3_etc_s0-60-1,exp3_etc_s0-60-1_prior=demand_known_coop=partial_beta=0.5,42,45,48.20088888888889,7
exp3_etc_s0-60-1,exp3_etc_s0-60-1_init=benchmark_coop=partial_beta=0.75,42,45,48.20088888888889,6
exp3_etc_s0-60-1,exp3_etc_s0-60-1_init=benchmark_prior=demand_known_coop=partial_beta=0.75,42,45,48.20088888888889,6
exp3_etc_s0-80-1,exp3_etc_s0-80-1_prior=demand_known_coop=partial_beta=0.25,42,45,48.20088888888889,7
exp3_etc_s0-80-1,exp3_etc_s0-80-1_init=benchmark_coop=partial_beta=0.25,42,45,48.20088888888889,7
exp3_exp3_s0-80-1,exp3_exp3_s0-80-1_prior=demand_known_coop=partial_beta=0.75,42,45,48.20088888888889,3
exp3_etc_s0-80-1,exp3_etc_s0-80-1_init=benchmark_prior=demand_known_coop=partial_beta=0.25,42,45,48.20088888888889,7
exp3_exp3_s0-80-1,exp3_exp3_s0-80-1_coop=partial_beta=0.75,42,45,48.20088888888889,3
exp3_etc_s0-80-1,exp3_etc_s0-80-1_init=benchmark_coop=partial_beta=0.5,42,45,48.20088888888889,3
exp3_etc_s0-80-1,exp3_etc_s0-80-1_prior=demand_known_coop=partial_beta=0.5,42,45,48.20088888888889,3
exp3_etc_s0-80-1,exp3_etc_s0-80-1_init=benchmark_prior=demand_known_coop=partial_beta=0.5,42,45,48.20088888888889,3
exp3_etc_s0-80-1,exp3_etc_s0-80-1_init=benchmark_coop=partial_beta=0.75,42,45,48.20088888888889,3
exp3_etc_s0-80-1,exp3_etc_s0-80-1_prior=demand_known_coop=partial_beta=0.75,42,45,48.20088888888889,3
etc_greedy_s0-40-1,etc_greedy_s0-40-1_coop=partial_beta=0.25,40,40,51.72111111111111,6
etc_greedy_s0-40-1,etc_greedy_s0-40-1_init=benchmark_coop=partial_beta=0.25,40,40,51.72111111111111,6
etc_greedy_s0-40-1,etc_greedy_s0-40-1_prior=demand_known_coop=partial_beta=0.25,40,40,51.72111111111111,6
etc_greedy_s0-40-1,etc_greedy_s0-40-1_init=benchmark_prior=demand_known_coop=partial_beta=0.25,40,40,51.72111111111111,6
etc_greedy_s0-40-1,etc_greedy_s0-40-1_coop=partial_beta=0.5,40,40,51.72111111111111,4
exp3_etc_s0-40-1,exp3_etc_s0-40-1_init=benchmark_coop=partial_beta=0.75,40,40,51.72111111111111,3
etc_greedy_s0-40-1,etc_greedy_s0-40-1_init=benchmark_coop=partial_beta=0.5,40,40,51.72111111111111,4
etc_greedy_s0-40-1,etc_greedy_s0-40-1_prior=demand_known_coop=partial_beta=0.5,40,40,51.72111111111111,4
etc_greedy_s0-40-1,etc_greedy_s0-40-1_init=benchmark_prior=demand_known_coop=partial_beta=0.5,40,40,51.72111111111111,4
etc_greedy_s0-40-1,etc_greedy_s0-40-1_coop=partial_beta=0.75,40,40,51.72111111111111,3
etc_greedy_s0-40-1,etc_greedy_s0-40-1_init=benchmark_coop=partial_beta=0.75,40,40,51.72111111111111,3
etc_greedy_s0-40-1,etc_greedy_s0-40-1_prior=demand_known_coop=partial_beta=0.75,40,40,51.72111111111111,3
etc_greedy_s0-40-1,etc_greedy_s0-40-1_init=benchmark_prior=demand_known_coop=partial_beta=0.75,40,40,51.72111111111111,3
etc_greedy_s0-60-1,etc_greedy_s0-60-1_coop=partial_beta=0.25,42,45,48.20088888888889,8
etc_greedy_s0-60-1,etc_greedy_s0-60-1_prior=demand_known_coop=partial_beta=0.25,42,45,48.20088888888889,8
etc_greedy_s0-60-1,etc_greedy_s0-60-1_init=benchmark_prior=demand_known_coop=partial_beta=0.25,42,45,48.20088888888889,8
etc_greedy_s0-60-1,etc_greedy_s0-60-1_coop=partial_beta=0.5,42,45,48.20088888888889,7
exp3_etc_s0-80-1,exp3_etc_s0-80-1_coop=partial_beta=0.25,42,45,48.20088888888889,7
etc_greedy_s0-60-1,etc_greedy_s0-60-1_init=benchmark_coop=partial_beta=0.5,42,45,48.20088888888889,7
exp3_etc_s0-60-1,exp3_etc_s0-60-1_prior=demand_known_coop=partial_beta=0.75,42,45,48.20088888888889,6
etc_greedy_s0-60-1,etc_greedy_s0-60-1_prior=demand_known_coop=partial_beta=0.5,42,45,48.20088888888889,7
exp3_etc_s0-60-1,exp3_etc_s0-60-1_coop=partial_beta=0.75,42,45,48.20088888888889,6
etc_greedy_s0-60-1,etc_greedy_s0-60-1_init=benchmark_prior=demand_known_coop=partial_beta=0.5,42,45,48.20088888888889,7
etc_greedy_s0-60-1,etc_greedy_s0-60-1_coop=partial_beta=0.75,42,45,48.20088888888889,6
etc_greedy_s0-60-1,etc_greedy_s0-60-1_init=benchmark_coop=partial_beta=0.75,42,45,48.20088888888889,6
etc_greedy_s0-60-1,etc_greedy_s0-60-1_prior=demand_known_coop=partial_beta=0.75,42,45,48.20088888888889,6
etc_greedy_s0-80-1,etc_greedy_s0-80-1_coop=partial_beta=0.25,42,45,48.20088888888889,7
etc_greedy_s0-60-1,etc_greedy_s0-60-1_init=benchmark_prior=demand_known_coop=partial_beta=0.75,42,45,48.20088888888889,6
etc_greedy_s0-80-1,etc_greedy_s0-80-1_init=benchmark_coop=partial_beta=0.25,42,45,48.20088888888889,7
etc_greedy_s0-80-1,etc_greedy_s0-80-1_prior=demand_known_coop=partial_beta=0.25,42,45,48.20088888888889,7
exp3_etc_s0-80-1,exp3_etc_s0-80-1_coop=partial_beta=0.5,42,45,48.20088888888889,3
etc_greedy_s0-80-1,etc_greedy_s0-80-1_init=benchmark_prior=demand_known_coop=partial_beta=0.25,42,45,48.20088888888889,7
etc_greedy_s0-80-1,etc_greedy_s0-80-1_coop=partial_beta=0.5,42,45,48.20088888888889,3
etc_greedy_s0-80-1,etc_greedy_s0-80-1_init=benchmark_coop=partial_beta=0.5,42,45,48.20088888888889,3
etc_greedy_s0-80-1,etc_greedy_s0-80-1_prior=demand_known_coop=partial_beta=0.5,42,45,48.20088888888889,3
etc_greedy_s0-80-1,etc_greedy_s0-80-1_init=benchmark_prior=demand_known_coop=partial_beta=0.5,42,45,48.20088888888889,3
exp3_etc_s0-80-1,exp3_etc_s0-80-1_coop=partial_beta=0.75,42,45,48.20088888888889,3
etc_greedy_s0-80-1,etc_greedy_s0-80-1_coop=partial_beta=0.75,42,45,48.20088888888889,3
etc_greedy_s0-80-1,etc_greedy_s0-80-1_init=benchmark_coop=partial_beta=0.75,42,45,48.20088888888889,3
etc_greedy_s0-80-1,etc_greedy_s0-80-1_prior=demand_known_coop=partial_beta=0.75,42,45,48.20088888888889,3
etc_greedy_s0-80-1,etc_greedy_s0-80-1_init=benchmark_prior=demand_known_coop=partial_beta=0.75,42,45,48.20088888888889,3
exp3_etc_s0-80-1,exp3_etc_s0-80-1_init=benchmark_prior=demand_known_coop=partial_beta=0.75,42,45,48.20088888888889,3
etc_ucb_s0-40-1,etc_ucb_s0-40-1_coop=partial_beta=0.25,40,40,51.72111111111111,6
etc_ucb_s0-40-1,etc_ucb_s0-40-1_init=benchmark_coop=partial_beta=0.25,40,40,51.72111111111111,6
etc_ucb_s0-40-1,etc_ucb_s0-40-1_prior=demand_known_coop=partial_beta=0.25,40,40,51.72111111111111,6
etc_ucb_s0-40-1,etc_ucb_s0-40-1_init=benchmark_prior=demand_known_coop=partial_beta=0.25,40,40,51.72111111111111,6
etc_ucb_s0-40-1,etc_ucb_s0-40-1_coop=partial_beta=0.5,40,40,51.72111111111111,4
etc_ucb_s0-40-1,etc_ucb_s0-40-1_init=benchmark_coop=partial_beta=0.5,40,40,51.72111111111111,4
etc_greedy_s0-60-1,etc_greedy_s0-60-1_init=benchmark_coop=partial_beta=0.25,42,45,48.20088888888889,8
etc_ucb_s0-40-1,etc_ucb_s0-40-1_prior=demand_known_coop=partial_beta=0.5,40,40,51.72111111111111,4
etc_ucb_s0-40-1,etc_ucb_s0-40-1_init=benchmark_prior=demand_known_coop=partial_beta=0.5,40,40,51.72111111111111,4
etc_ucb_s0-40-1,etc_ucb_s0-40-1_coop=partial_beta=0.75,40,40,51.72111111111111,3
etc_ucb_s0-40-1,etc_ucb_s0-40-1_init=benchmark_coop=partial_beta=0.75,40,40,51.72111111111111,3
etc_ucb_s0-40-1,etc_ucb_s0-40-1_prior=demand_known_coop=partial_beta=0.75,40,40,51.72111111111111,3
etc_ucb_s0-60-1,etc_ucb_s0-60-1_coop=partial_beta=0.25,42,45,48.20088888888889,8
etc_ucb_s0-40-1,etc_ucb_s0-40-1_init=benchmark_prior=demand_known_coop=partial_beta=0.75,40,40,51.72111111111111,3
etc_ucb_s0-60-1,etc_ucb_s0-60-1_init=benchmark_coop=partial_beta=0.25,42,45,48.20088888888889,8
etc_ucb_s0-60-1,etc_ucb_s0-60-1_prior=demand_known_coop=partial_beta=0.25,42,45,48.20088888888889,8
etc_ucb_s0-60-1,etc_ucb_s0-60-1_coop=partial_beta=0.5,42,45,48.20088888888889,7
etc_ucb_s0-60-1,etc_ucb_s0-60-1_init=benchmark_prior=demand_known_coop=partial_beta=0.25,42,45,48.20088888888889,8
etc_ucb_s0-60-1,etc_ucb_s0-60-1_init=benchmark_coop=partial_beta=0.5,42,45,48.20088888888889,7
etc_ucb_s0-60-1,etc_ucb_s0-60-1_prior=demand_known_coop=partial_beta=0.5,42,45,48.20088888888889,7
etc_ucb_s0-60-1,etc_ucb_s0-60-1_init=benchmark_prior=demand_known_coop=partial_beta=0.5,42,45,48.20088888888889,7
etc_ucb_s0-60-1,etc_ucb_s0-60-1_coop=partial_beta=0.75,42,45,48.20088888888889,6
etc_ucb_s0-60-1,etc_ucb_s0-60-1_init=benchmark_coop=partial_beta=0.75,42,45,48.20088888888889,6
etc_ucb_s0-60-1,etc_ucb_s0-60-1_prior=demand_known_coop=partial_beta=0.75,42,45,48.20088888888889,6
etc_ucb_s0-60-1,etc_ucb_s0-60-1_init=benchmark_prior=demand_known_coop=partial_beta=0.75,42,45,48.20088888888889,6
etc_ucb_s0-80-1,etc_ucb_s0-80-1_init=benchmark_coop=partial_beta=0.25,42,45,48.20088888888889,7
etc_ucb_s0-80-1,etc_ucb_s0-80-1_coop=partial_beta=0.25,42,45,48.20088888888889,7
etc_ucb_s0-80-1,etc_ucb_s0-80-1_coop=partial_beta=0.5,42,45,48.20088888888889,3
etc_ucb_s0-80-1,etc_ucb_s0-80-1_init=benchmark_coop=partial_beta=0.5,42,45,48.20088888888889,3
etc_ucb_s0-80-1,etc_ucb_s0-80-1_init=benchmark_prior=demand_known_coop=partial_beta=0.25,42,45,48.20088888888889,7
etc_ucb_s0-80-1,etc_ucb_s0-80-1_prior=demand_known_coop=partial_beta=0.25,42,45,48.20088888888889,7
etc_ucb_s0-80-1,etc_ucb_s0-80-1_prior=demand_known_coop=partial_beta=0.5,42,45,48.20088888888889,3
etc_ucb_s0-80-1,etc_ucb_s0-80-1_init=benchmark_prior=demand_known_coop=partial_beta=0.5,42,45,48.20088888888889,3
etc_ucb_s0-80-1,etc_ucb_s0-80-1_coop=partial_beta=0.75,42,45,48.20088888888889,3
etc_ucb_s0-80-1,etc_ucb_s0-80-1_init=benchmark_coop=partial_beta=0.75,42,45,48.20088888888889,3
etc_ucb_s0-80-1,etc_ucb_s0-80-1_prior=demand_known_coop=partial_beta=0.75,42,45,48.20088888888889,3
etc_ucb_s0-80-1,etc_ucb_s0-80-1_init=benchmark_prior=demand_known_coop=partial_beta=0.75,42,45,48.20088888888889,3
etc_thompson_s0-40-1,etc_thompson_s0-40-1_coop=partial_beta=0.25,40,40,51.72111111111111,6
etc_thompson_s0-40-1,etc_thompson_s0-40-1_prior=demand_known_coop=partial_beta=0.25,40,40,51.72111111111111,6
etc_thompson_s0-40-1,etc_thompson_s0-40-1_init=benchmark_prior=demand_known_coop=partial_beta=0.25,40,40,51.72111111111111,6
etc_thompson_s0-40-1,etc_thompson_s0-40-1_init=benchmark_coop=partial_beta=0.25,40,40,51.72111111111111,6
etc_thompson_s0-40-1,etc_thompson_s0-40-1_prior=demand_known_coop=partial_beta=0.5,40,40,51.72111111111111,4
etc_thompson_s0-40-1,etc_thompson_s0-40-1_init=benchmark_coop=partial_beta=0.5,40,40,51.72111111111111,4
etc_thompson_s0-40-1,etc_thompson_s0-40-1_coop=partial_beta=0.5,40,40,51.72111111111111,4
etc_thompson_s0-40-1,etc_thompson_s0-40-1_init=benchmark_prior=demand_known_coop=partial_beta=0.5,40,40,51.72111111111111,4
etc_thompson_s0-40-1,etc_thompson_s0-40-1_coop=partial_beta=0.75,40,40,51.72111111111111,3
etc_thompson_s0-40-1,etc_thompson_s0-40-1_init=benchmark_coop=partial_beta=0.75,40,40,51.72111111111111,3
etc_thompson_s0-40-1,etc_thompson_s0-40-1_prior=demand_known_coop=partial_beta=0.75,40,40,51.72111111111111,3
etc_thompson_s0-40-1,etc_thompson_s0-40-1_init=benchmark_prior=demand_known_coop=partial_beta=0.75,40,40,51.72111111111111,3
etc_thompson_s0-60-1,etc_thompson_s0-60-1_coop=partial_beta=0.25,42,45,48.20088888888889,8
etc_thompson_s0-60-1,etc_thompson_s0-60-1_prior=demand_known_coop=partial_beta=0.25,42,45,48.20088888888889,8
etc_thompson_s0-60-1,etc_thompson_s0-60-1_init=benchmark_coop=partial_beta=0.25,42,45,48.20088888888889,8
etc_thompson_s0-60-1,etc_thompson_s0-60-1_init=benchmark_prior=demand_known_coop=partial_beta=0.25,42,45,48.20088888888889,8
etc_thompson_s0-60-1,etc_thompson_s0-60-1_init=benchmark_coop=partial_beta=0.5,42,45,48.20088888888889,7
etc_thompson_s0-60-1,etc_thompson_s0-60-1_coop=partial_beta=0.5,42,45,48.20088888888889,7
etc_thompson_s0-60-1,etc_thompson_s0-60-1_prior=demand_known_coop=partial_beta=0.5,42,45,48.20088888888889,7
etc_thompson_s0-60-1,etc_thompson_s0-60-1_init=benchmark_prior=demand_known_coop=partial_beta=0.5,42,45,48.20088888888889,7
etc_thompson_s0-60-1,etc_thompson_s0-60-1_coop=partial_beta=0.75,42,45,48.20088888888889,6
etc_thompson_s0-60-1,etc_thompson_s0-60-1_init=benchmark_coop=partial_beta=0.75,42,45,48.20088888888889,6
etc_thompson_s0-60-1,etc_thompson_s0-60-1_prior=demand_known_coop=partial_beta=0.75,42,45,48.20088888888889,6
etc_thompson_s0-60-1,etc_thompson_s0-60-1_init=benchmark_prior=demand_known_coop=partial_beta=0.75,42,45,48.20088888888889,6
etc_thompson_s0-80-1,etc_thompson_s0-80-1_init=benchmark_coop=partial_beta=0.25,42,45,48.20088888888889,7
etc_thompson_s0-80-1,etc_thompson_s0-80-1_init=benchmark_prior=demand_known_coop=partial_beta=0.25,42,45,48.20088888888889,7
etc_thompson_s0-80-1,etc_thompson_s0-80-1_prior=demand_known_coop=partial_beta=0.25,42,45,48.20088888888889,7
etc_thompson_s0-80-1,etc_thompson_s0-80-1_coop=partial_beta=0.25,42,45,48.20088888888889,7
etc_thompson_s0-80-1,etc_thompson_s0-80-1_coop=partial_beta=0.5,42,45,48.20088888888889,3
etc_thompson_s0-80-1,etc_thompson_s0-80-1_init=benchmark_coop=partial_beta=0.5,42,45,48.20088888888889,3
etc_exp3_s0-40-1,etc_exp3_s0-40-1_init=benchmark_coop=partial_beta=0.25,40,40,51.72111111111111,6
etc_exp3_s0-40-1,etc_exp3_s0-40-1_coop=partial_beta=0.25,40,40,51.72111111111111,6
etc_exp3_s0-40-1,etc_exp3_s0-40-1_prior=demand_known_coop=partial_beta=0.25,40,40,51.72111111111111,6
etc_exp3_s0-40-1,etc_exp3_s0-40-1_init=benchmark_prior=demand_known_coop=partial_beta=0.25,40,40,51.72111111111111,6
etc_exp3_s0-40-1,etc_exp3_s0-40-1_coop=partial_beta=0.5,40,40,51.72111111111111,4
etc_thompson_s0-80-1,etc_thompson_s0-80-1_prior=demand_known_coop=partial_beta=0.5,42,45,48.20088888888889,3
etc_exp3_s0-40-1,etc_exp3_s0-40-1_init=benchmark_coop=partial_beta=0.5,40,40,51.72111111111111,4
etc_thompson_s0-80-1,etc_thompson_s0-80-1_init=benchmark_prior=demand_known_coop=partial_beta=0.5,42,45,48.20088888888889,3
etc_exp3_s0-40-1,etc_exp3_s0-40-1_prior=demand_known_coop=partial_beta=0.5,40,40,51.72111111111111,4
etc_exp3_s0-40-1,etc_exp3_s0-40-1_coop=partial_beta=0.75,40,40,51.72111111111111,3
etc_exp3_s0-40-1,etc_exp3_s0-40-1_init=benchmark_prior=demand_known_coop=partial_beta=0.5,40,40,51.72111111111111,4
etc_thompson_s0-80-1,etc_thompson_s0-80-1_coop=partial_beta=0.75,42,45,48.20088888888889,3
etc_exp3_s0-40-1,etc_exp3_s0-40-1_init=benchmark_coop=partial_beta=0.75,40,40,51.72111111111111,3
etc_exp3_s0-40-1,etc_exp3_s0-40-1_prior=demand_known_coop=partial_beta=0.75,40,40,51.72111111111111,3
etc_thompson_s0-80-1,etc_thompson_s0-80-1_init=benchmark_coop=partial_beta=0.75,42,45,48.20088888888889,3
etc_exp3_s0-40-1,etc_exp3_s0-40-1_init=benchmark_prior=demand_known_coop=partial_beta=0.75,40,40,51.72111111111111,3
etc_exp3_s0-60-1,etc_exp3_s0-60-1_coop=partial_beta=0.25,42,45,48.20088888888889,8
etc_exp3_s0-60-1,etc_exp3_s0-60-1_init=benchmark_coop=partial_beta=0.25,42,45,48.20088888888889,8
etc_exp3_s0-60-1,etc_exp3_s0-60-1_prior=demand_known_coop=partial_beta=0.25,42,45,48.20088888888889,8
etc_exp3_s0-60-1,etc_exp3_s0-60-1_init=benchmark_prior=demand_known_coop=partial_beta=0.25,42,45,48.20088888888889,8
etc_exp3_s0-60-1,etc_exp3_s0-60-1_coop=partial_beta=0.5,42,45,48.20088888888889,7
etc_thompson_s0-80-1,etc_thompson_s0-80-1_prior=demand_known_coop=partial_beta=0.75,42,45,48.20088888888889,3
etc_thompson_s0-80-1,etc_thompson_s0-80-1_init=benchmark_prior=demand_known_coop=partial_beta=0.75,42,45,48.20088888888889,3
etc_exp3_s0-60-1,etc_exp3_s0-60-1_init=benchmark_coop=partial_beta=0.5,42,45,48.20088888888889,7
etc_exp3_s0-60-1,etc_exp3_s0-60-1_init=benchmark_prior=demand_known_coop=partial_beta=0.5,42,45,48.20088888888889,7
etc_exp3_s0-60-1,etc_exp3_s0-60-1_prior=demand_known_coop=partial_beta=0.5,42,45,48.20088888888889,7
etc_exp3_s0-60-1,etc_exp3_s0-60-1_coop=partial_beta=0.75,42,45,48.20088888888889,6
etc_exp3_s0-60-1,etc_exp3_s0-60-1_prior=demand_known_coop=partial_beta=0.75,42,45,48.20088888888889,6
etc_exp3_s0-60-1,etc_exp3_s0-60-1_init=benchmark_coop=partial_beta=0.75,42,45,48.20088888888889,6
etc_exp3_s0-80-1,etc_exp3_s0-80-1_coop=partial_beta=0.25,42,45,48.20088888888889,7
etc_exp3_s0-60-1,etc_exp3_s0-60-1_init=benchmark_prior=demand_known_coop=partial_beta=0.75,42,45,48.20088888888889,6
etc_exp3_s0-80-1,etc_exp3_s0-80-1_init=benchmark_coop=partial_beta=0.25,42,45,48.20088888888889,7
etc_exp3_s0-80-1,etc_exp3_s0-80-1_coop=partial_beta=0.5,42,45,48.20088888888889,3
etc_exp3_s0-80-1,etc_exp3_s0-80-1_prior=demand_known_coop=partial_beta=0.25,42,45,48.20088888888889,7
etc_exp3_s0-80-1,etc_exp3_s0-80-1_init=benchmark_coop=partial_beta=0.5,42,45,48.20088888888889,3
etc_exp3_s0-80-1,etc_exp3_s0-80-1_init=benchmark_prior=demand_known_coop=partial_beta=0.25,42,45,48.20088888888889,7
etc_exp3_s0-80-1,etc_exp3_s0-80-1_prior=demand_known_coop=partial_beta=0.5,42,45,48.20088888888889,3
etc_exp3_s0-80-1,etc_exp3_s0-80-1_init=benchmark_prior=demand_known_coop=partial_beta=0.5,42,45,48.20088888888889,3
etc_exp3_s0-80-1,etc_exp3_s0-80-1_coop=partial_beta=0.75,42,45,48.20088888888889,3
etc_etc_s0-40-1,etc_etc_s0-40-1_coop=partial_beta=0.25,40,40,51.72111111111111,6
etc_exp3_s0-80-1,etc_exp3_s0-80-1_init=benchmark_coop=partial_beta=0.75,42,45,48.20088888888889,3
etc_etc_s0-40-1,etc_etc_s0-40-1_init=benchmark_coop=partial_beta=0.25,40,40,51.72111111111111,6
etc_exp3_s0-80-1,etc_exp3_s0-80-1_prior=demand_known_coop=partial_beta=0.75,42,45,48.20088888888889,3
etc_etc_s0-40-1,etc_etc_s0-40-1_prior=demand_known_coop=partial_beta=0.25,40,40,51.72111111111111,6
etc_etc_s0-40-1,etc_etc_s0-40-1_coop=partial_beta=0.5,40,40,51.72111111111111,4
etc_etc_s0-40-1,etc_etc_s0-40-1_init=benchmark_prior=demand_known_coop=partial_beta=0.25,40,40,51.72111111111111,6
etc_exp3_s0-80-1,etc_exp3_s0-80-1_init=benchmark_prior=demand_known_coop=partial_beta=0.75,42,45,48.20088888888889,3
etc_etc_s0-40-1,etc_etc_s0-40-1_prior=demand_known_coop=partial_beta=0.5,40,40,51.72111111111111,4
etc_etc_s0-40-1,etc_etc_s0-40-1_init=benchmark_coop=partial_beta=0.5,40,40,51.72111111111111,4
etc_etc_s0-40-1,etc_etc_s0-40-1_coop=partial_beta=0.75,40,40,51.72111111111111,3
etc_etc_s0-40-1,etc_etc_s0-40-1_prior=demand_known_coop=partial_beta=0.75,40,40,51.72111111111111,3
etc_etc_s0-40-1,etc_etc_s0-40-1_init=benchmark_prior=demand_known_coop=partial_beta=0.5,40,40,51.72111111111111,4
etc_etc_s0-40-1,etc_etc_s0-40-1_init=benchmark_coop=partial_beta=0.75,40,40,51.72111111111111,3
etc_etc_s0-40-1,etc_etc_s0-40-1_init=benchmark_prior=demand_known_coop=partial_beta=0.75,40,40,51.72111111111111,3
etc_etc_s0-60-1,etc_etc_s0-60-1_init=benchmark_coop=partial_beta=0.25,42,45,48.20088888888889,8
etc_etc_s0-60-1,etc_etc_s0-60-1_coop=partial_beta=0.25,42,45,48.20088888888889,8
etc_etc_s0-60-1,etc_etc_s0-60-1_prior=demand_known_coop=partial_beta=0.25,42,45,48.20088888888889,8
etc_etc_s0-60-1,etc_etc_s0-60-1_coop=partial_beta=0.5,42,45,48.20088888888889,7
etc_etc_s0-60-1,etc_etc_s0-60-1_init=benchmark_prior=demand_known_coop=partial_beta=0.25,42,45,48.20088888888889,8
etc_etc_s0-60-1,etc_etc_s0-60-1_init=benchmark_coop=partial_beta=0.5,42,45,48.20088888888889,7
etc_etc_s0-60-1,etc_etc_s0-60-1_init=benchmark_coop=partial_beta=0.75,42,45,48.20088888888889,6
etc_etc_s0-60-1,etc_etc_s0-60-1_coop=partial_beta=0.75,42,45,48.20088888888889,6
etc_etc_s0-80-1,etc_etc_s0-80-1_coop=partial_beta=0.25,42,45,48.20088888888889,7
etc_etc_s0-60-1,etc_etc_s0-60-1_prior=demand_known_coop=partial_beta=0.5,42,45,48.20088888888889,7
etc_etc_s0-60-1,etc_etc_s0-60-1_init=benchmark_prior=demand_known_coop=partial_beta=0.5,42,45,48.20088888888889,7
etc_etc_s0-60-1,etc_etc_s0-60-1_prior=demand_known_coop=partial_beta=0.75,42,45,48.20088888888889,6
etc_etc_s0-60-1,etc_etc_s0-60-1_init=benchmark_prior=demand_known_coop=partial_beta=0.75,42,45,48.20088888888889,6
etc_etc_s0-80-1,etc_etc_s0-80-1_init=benchmark_coop=partial_beta=0.25,42,45,48.20088888888889,7
etc_etc_s0-80-1,etc_etc_s0-80-1_coop=partial_beta=0.5,42,45,48.20088888888889,3
etc_etc_s0-80-1,etc_etc_s0-80-1_prior=demand_known_coop=partial_beta=0.25,42,45,48.20088888888889,7
etc_etc_s0-80-1,etc_etc_s0-80-1_coop=partial_beta=0.75,42,45,48.20088888888889,3
etc_etc_s0-80-1,etc_etc_s0-80-1_init=benchmark_coop=partial_beta=0.5,42,45,48.20088888888889,3
etc_etc_s0-80-1,etc_etc_s0-80-1_init=benchmark_prior=demand_known_coop=partial_beta=0.25,42,45,48.20088888888889,7
etc_etc_s0-80-1,etc_etc_s0-80-1_init=benchmark_coop=partial_beta=0.75,42,45,48.20088888888889,3
etc_etc_s0-80-1,etc_etc_s0-80-1_init=benchmark_prior=demand_known_coop=partial_beta=0.5,42,45,48.20088888888889,3
etc_etc_s0-80-1,etc_etc_s0-80-1_prior=demand_known_coop=partial_beta=0.5,42,45,48.20088888888889,3
etc_etc_s0-80-1,etc_etc_s0-80-1_prior=demand_known_coop=partial_beta=0.75,42,45,48.20088888888889,3
etc_etc_s0-80-1,etc_etc_s0-80-1_init=benchmark_prior=demand_known_coop=partial_beta=0.75,42,45,48.20088888888889,3
